Stanford,Math,MATH 19,Calculus,"Aut, Win",3,"Introduction to differential calculus of functions of one variable. Review of elementary functions (including exponentials and logarithms), limits, rates of change, the derivative and its properties, applications of the derivative. Prerequisites: trigonometry, advanced algebra, and analysis of elementary functions (including exponentials and logarithms). You must have taken the math placement diagnostic (offered through the Math Department website) in order to register for this course.","trigonometry, advanced algebra, and analysis of elementary functions (including exponentials and logarithms). You must have taken the math placement diagnostic (offered through the Math Department website) in order to register for this course.",,,,
Stanford,Math,MATH 20,Calculus,"Aut, Win, Spr",3,"The definite integral, Riemann sums, antiderivatives, the Fundamental Theorem of Calculus, and the Mean Value Theorem for integrals. Integration by substitution and by parts. Area between curves, and volume by slices, washers, and shells. Initial-value problems, exponential and logistic models, direction fields, and parametric curves. Prerequisite:  Math 19 or equivalent. If you have not previously taken a calculus course at Stanford then you must have taken the math placement diagnostic (offered through the Math Department website) in order to register for this course.",,,,,
Stanford,Math,MATH 21,Calculus,"Aut, Win, Spr",4,"Review of limit rules. Sequences, functions, limits at infinity, and comparison of growth of functions. Review of integration rules, integrating rational functions, and improper integrals. Infinite series, special examples, convergence and divergence tests (limit comparison and alternating series tests). Power series and interval of convergence, Taylor polynomials, Taylor series and applications. Prerequisite:  Math 20 or equivalent. If you have not previously taken a calculus course at Stanford then you must have taken the math placement diagnostic (offered through the Math Department website) in order to register for this course.",,,,,
Stanford,Math,MATH 21A,"Calculus, ACE","Aut, Win, Spr",5,"Students attend  MATH 21 lectures with different recitation sessions: two hours per week instead of one, emphasizing engineering applications. Prerequisite: application; see  https://web.stanford.edu/dept/soe/osa/ace.fb",,,,,
Stanford,Math,MATH 51,Linear Algebra and Differential Calculus of Several Variables,"Aut, Win, Spr",5,"Geometry and algebra of vectors, matrices and linear transformations, eigenvalues of symmetric matrices, vector-valued functions and functions of several variables, partial derivatives and gradients, derivative as a matrix, chain rule in several variables, critical points and Hessian, least-squares, , constrained and unconstrained optimization in several variables, Lagrange multipliers. Prerequisite: 21, 42, or the math placement diagnostic (offered through the Math Department website) in order to register for this course.","21, 42, or the math placement diagnostic (offered through the Math Department website) in order to register for this course.",,,,
Stanford,Math,MATH 51A,"Linear Algebra and Differential Calculus of Several Variables, ACE","Aut, Win, Spr",6,"Students attend  MATH 51 lectures with different recitation sessions: three hours per week instead of two, emphasizing engineering applications. Prerequisite: application; see  https://web.stanford.edu/dept/soe/osa/ace.fb",,,,,
Stanford,Math,MATH 52,Integral Calculus of Several Variables,"Aut, Win, Spr",5,"Iterated integrals, line and surface integrals, vector analysis with applications to vector potentials and conservative vector fields, physical interpretations. Divergence theorem and the theorems of Green, Gauss, and Stokes. Prerequisite: 51 or equivalents.",51 or equivalents.,,,,
Stanford,Math,MATH 53,Ordinary Differential Equations with Linear Algebra,"Aut, Win, Spr",5,"Ordinary differential equations and initial value problems, systems of linear differential equations with constant coefficients, applications of second-order equations to oscillations, matrix exponentials, Laplace transforms, stability of non-linear systems and phase plane analysis, numerical methods. Prerequisite: 51 or equivalents.",51 or equivalents.,,,,
Stanford,Math,MATH 61CM,Modern Mathematics: Continuous Methods,Aut,5,"This is the first part of a theoretical (i.e., proof-based) sequence in multivariable calculus and linear algebra, providing a unified treatment of these topics. Covers general vector spaces, linear maps and duality, eigenvalues, inner product spaces, spectral theorem, metric spaces, differentiation in Euclidean space, submanifolds of Euclidean space, inverse and implicit function theorems, and many examples. The linear algebra content is covered jointly with  Math 61DM. Students should know 1-variable calculus and have an interest in a theoretical approach to the subject. Prerequisite: score of 5 on the BC-level Advanced Placement calculus exam, or consent of the instructor.","score of 5 on the BC-level Advanced Placement calculus exam, or consent of the instructor.",,,,
Stanford,Math,MATH 61DM,Modern Mathematics: Discrete Methods,Aut,5,"This is the first part of a theoretical (i.e., proof-based) sequence in discrete mathematics and linear algebra. Covers general vector spaces, linear maps and duality, eigenvalues, inner product spaces, spectral theorem, counting techniques, and linear algebra methods in discrete mathematics including spectral graph theory and dimension arguments. The linear algebra content is covered jointly with  Math 61CM. Students should have an interest in a theoretical approach to the subject. Prerequisite: score of 5 on the BC-level Advanced Placement calculus exam, or consent of the instructor.nnThis sequence is not appropriate for students planning to major in natural sciences, economics, or engineering, but is suitable for majors in any other field (such as MCS (""data science""), computer science, and mathematics).","score of 5 on the BC-level Advanced Placement calculus exam, or consent of the instructor.nnThis sequence is not appropriate for students planning to major in natural sciences, economics, or engineering, but is suitable for majors in any other field (such as MCS (""data science""), computer science, and mathematics).",,,,
Stanford,Math,MATH 62CM,Modern Mathematics: Continuous Methods,Win,5,"A continuation of themes from  Math 61CM, centered around: manifolds, multivariable integration, and the general Stokes' theorem. This includes a treatment of multilinear algebra, further study of submanifolds of Euclidean space and an introduction to general manifolds (with many examples), differential forms and their geometric interpretations, integration of differential forms, Stokes' theorem, and some applications to topology. Prerequisite:  Math 61CM.",,,,,
Stanford,Math,MATH 62DM,Modern Mathematics: Discrete Methods,Win,5,"This is the second part of a proof-based sequence in discrete mathematics. This course covers topics in elementary number theory, group theory, and discrete Fourier analysis. For example, we'll discuss the basic examples of abelian groups arising from congruences in elementary number theory, as well as the non-abelian symmetric group of permutations. Prerequisites: 61DM or 61CM.",61DM or 61CM.,,,,
Stanford,Math,MATH 63CM,Modern Mathematics: Continuous Methods,Spr,5,"A proof-based course on ordinary differential equations, continuing themes from  Math 61CM and  Math 62CM. Topics include linear systems of differential equations and necessary tools from linear algebra, stability and asymptotic properties of solutions to linear systems, existence and uniqueness theorems for nonlinear differential equations with some applications to manifolds, behavior of solutions near an equilibrium point, and Sturm-Liouville theory. Prerequisites:  Math 61CM and  Math 62CM.",,,,,
Stanford,Math,MATH 63DM,Modern Mathematics: Discrete Methods,Spr,5,"Third part of a proof-based sequence in discrete mathematics. This course covers several topics in probability (random variables, independence and correlation, concentration bounds, the central limit theorem) and topology (metric spaces, point-set topology, continuous maps, compactness, Brouwer's fixed point and the Borsuk-Ulam theorem), with some applications in combinatorics. Prerequisites: 61DM or 61CM",61DM or 61CM,,,,
Stanford,Math,MATH 70SI,"The Game of Go: Strategy, Theory, and History",not given this year,1,"Strategy and mathematical theories of the game of Go, with guest appearance by a professional Go player.",,,,,
Stanford,Math,MATH 80Q,Capillary Surfaces: Explored and Unexplored Territory,Win,3,"Preference to sophomores. Capillary surfaces: the interfaces between fluids that are adjacent to each other and do not mix. Recently discovered phenomena, predicted mathematically and subsequently confirmed by experiments, some done in space shuttles. Interested students may participate in ongoing investigations with affinity between mathematics and physics.",,,,,
Stanford,Math,MATH 87Q,"Mathematics of Knots, Braids, Links, and Tangles",Spr,3,"Preference to sophomores. Types of knots and how knots can be distinguished from one another by means of numerical or polynomial invariants. The geometry and algebra of braids, including their relationships to knots. Topology of surfaces. Brief summary of applications to biology, chemistry, and physics.",,,,,
Stanford,Math,MATH 101,Math Discovery Lab,Win,3,"MDL is a discovery-based project course in mathematics. Students work independently in small groups to explore open-ended mathematical problems and discover original mathematics. Students formulate conjectures and hypotheses; test predictions by computation, simulation, or pure thought; and present their results to classmates. No lecture component; in-class meetings reserved for student presentations, attendance mandatory. Admission is by application:  http://math101.stanford.edu. Motivated students with any level of mathematical background are encouraged to apply. WIM",,,,,
Stanford,Math,MATH 104,Applied Matrix Theory,"Win, Spr",3,"Linear algebra for applications in science and engineering: orthogonality, projections, spectral theory for symmetric matrices, the singular value decomposition, the QR decomposition, least-squares, the condition number of a matrix, algorithms for solving linear systems. ( Math 113 offers a more theoretical treatment of linear algebra.) Prerequisites:  Math 51 and programming experience on par with CS106nnMath 104 and  EE103/CME103 cover complementary topics in applied linear algebra. The focus of  Math 104 is on algorithms and concepts; the focus of EE103 is on a few linear algebra concepts, and many applications.",,,,,
Stanford,Math,MATH 106,Functions of a Complex Variable,Win,3,"Complex numbers, analytic functions, Cauchy-Riemann equations, complex integration, Cauchy integral formula, residues, elementary conformal mappings. ( Math 116 offers a more theoretical treatment.) Prerequisite: 52.",52.,,,,
Stanford,Math,MATH 107,Graph Theory,Spr,3,"An introductory course in graph theory establishing fundamental concepts and results in variety of topics. Topics include: basic notions, connectivity, cycles, matchings, planar graphs, graph coloring, matrix-tree theorem, conditions for hamiltonicity, Kuratowski's theorem, Ramsey and Turan-type theorem. Prerequisites: 51 or equivalent and some familiarity with proofs is required.",51 or equivalent and some familiarity with proofs is required.,,,,
Stanford,Math,MATH 108,Introduction to Combinatorics and Its Applications,Win,3,"Topics: graphs, trees (Cayley's Theorem, application to phylogony), eigenvalues, basic enumeration (permutations, Stirling and Bell numbers), recurrences, generating functions, basic asymptotics. Prerequisites: 51 or equivalent.",51 or equivalent.,,,,
Stanford,Math,MATH 109,Applied Group Theory,Spr,3,"Applications of the theory of groups. Topics: elements of group theory, groups of symmetries, matrix groups, group actions, and applications to combinatorics and computing. Applications: rotational symmetry groups, the study of the Platonic solids, crystallographic groups and their applications in chemistry and physics. Honors math majors and students who intend to do graduate work in mathematics should take 120. WIM.",,,,,
Stanford,Math,MATH 110,Applied Number Theory and Field Theory,Spr,3,"Number theory and its applications to modern cryptography. Topics: congruences, finite fields, primality testing and factorization, public key cryptography, error correcting codes, and elliptic curves, emphasizing algorithms. WIM.",,,,,
Stanford,Math,MATH 113,Linear Algebra and Matrix Theory,"Aut, Win, Spr",3,"Algebraic properties of matrices and their interpretation in geometric terms. The relationship between the algebraic and geometric points of view and matters fundamental to the study and solution of linear equations. Topics: linear equations, vector spaces, linear dependence, bases and coordinate systems; linear transformations and matrices; similarity; eigenvectors and eigenvalues; diagonalization. ( Math 104 offers a more application-oriented treatment.)",,,,,
Stanford,Math,MATH 114,Introduction to Scientific Computing (CME 108),"Win, Sum",3,"Introduction to Scientific Computing Numerical computation for mathematical, computational, physical sciences and engineering: error analysis, floating-point arithmetic, nonlinear equations, numerical solution of systems of algebraic equations, banded matrices, least squares, unconstrained optimization, polynomial interpolation, numerical differentiation and integration, numerical solution of ordinary differential equations, truncation error, numerical stability for time dependent problems and stiffness. Implementation of numerical methods in MATLAB programming assignments. Prerequisites:  MATH 51, 52, 53; prior programming experience (MATLAB or other language at level of  CS 106A or higher).",,,,,
Stanford,Math,MATH 115,Functions of a Real Variable,"Aut, Spr",3,"The development of real analysis in Euclidean space: sequences and series, limits, continuous functions, derivatives, integrals. Basic point set topology. Honors math majors and students who intend to do graduate work in mathematics should take 171. Prerequisite: 51.",51.,,,,
Stanford,Math,MATH 116,Complex Analysis,Aut,3,"Analytic functions, Cauchy integral formula, power series and Laurent series, calculus of residues and applications, conformal mapping, analytic continuation, introduction to Riemann surfaces, Fourier series and integrals. ( Math 106 offers a less theoretical treatment.) Prerequisites: 52, and 115 or 171.","52, and 115 or 171.",,,,
Stanford,Math,MATH 118,Mathematics of Computation,Win,3,"Notions of analysis and algorithms central to modern scientific computing: continuous and discrete Fourier expansions, the fast Fourier transform, orthogonal polynomials, interpolation, quadrature, numerical differentiation, analysis and discretization of initial-value and boundary-value ODE, finite and spectral elements. Prerequisites:  MATH 51 and 53.",,,,,
Stanford,Math,MATH 120,Groups and Rings,"Aut, Spr",3,"Recommended for Mathematics majors and required of honors Mathematics majors. Similar to 109 but altered content and more theoretical orientation. Groups acting on sets, examples of finite groups, Sylow theorems, solvable and simple groups. Fields, rings, and ideals; polynomial rings over a field; PID and non-PID. Unique factorization domains. WIM.",,,,,
Stanford,Math,MATH 121,Galois Theory,Win,3,"Field of fractions, splitting fields, separability, finite fields. Galois groups, Galois correspondence, examples and applications. Prerequisite:  Math 120 and (also recommended) 113.",,,,,
Stanford,Math,MATH 122,Modules and Group Representations,Spr,3,"Modules over PID. Tensor products over fields. Group representations and group rings. Maschke's theorem and character theory. Character tables, construction of representations. Prerequisite:  Math 120. Also recommended: 113.",,,,,
Stanford,Math,MATH 131P,Partial Differential Equations,Win,3,"An introduction to PDE; particularly suitable for non-Math majors. Topics include physical examples of PDE's, method of characteristics, D'Alembert's formula, maximum principles, heat kernel, Duhamel's principle, separation of variables, Fourier series, Harmonic functions, Bessel functions, spherical harmonics. Students who have taken  MATH 171 should consider taking  MATH 173 rather than 131P. Prerequisite: 53.",53.,,,,
Stanford,Math,MATH 136,Stochastic Processes (STATS 219),Aut,3,"Introduction to measure theory, Lp spaces and Hilbert spaces. Random variables, expectation, conditional expectation, conditional distribution. Uniform integrability, almost sure and Lp convergence. Stochastic processes: definition, stationarity, sample path continuity. Examples: random walk, Markov chains, Gaussian processes, Poisson processes, Martingales. Construction and basic properties of Brownian motion. Prerequisite:  STATS 116 or  MATH 151 or equivalent. Recommended:  MATH 115 or equivalent.  http://statweb.stanford.edu/~adembo/math-136/",,,,,
Stanford,Math,MATH 137,Mathematical Methods of Classical Mechanics,not given this year,3,"Newtonian mechanics. Lagrangian formalism. E. Noether's theorem. Oscillations. Rigid bodies. Introduction to symplectic geometry. Hamiltonian formalism. Legendre transform. Variational principles. Geometric optics. Introduction to the theory of integrable systems. Prerequisites: 51, 52, 53, or 61CM, 62CM, 63CM.","51, 52, 53, or 61CM, 62CM, 63CM.",,,,
Stanford,Math,MATH 138,Celestial Mechanics,not given this year,3,"Mathematically rigorous introduction to the classical N-body problem: the motion of N particles evolving according to Newton's law. Topics include: the Kepler problem and its symmetries; other central force problems; conservation theorems; variational methods; Hamilton-Jacobi theory; the role of equilibrium points and stability; and symplectic methods. Prerequisites: 53, and 115 or 171.","53, and 115 or 171.",,,,
Stanford,Math,MATH 142,Hyperbolic Geometry,not given this year,3,"An introductory course in hyperbolic geometry. Topics may include: different models of hyperbolic geometry, hyperbolic area and geodesics, Isometries and Mobius transformations, conformal maps, Fuchsian groups, Farey tessellation, hyperbolic structures on surfaces and three manifolds, limit sets. Prerequisites: some familiarity with the basic concepts of differential geometrynand the topology of surfaces and manifolds is strongly recommended",some familiarity with the basic concepts of differential geometrynand the topology of surfaces and manifolds is strongly recommended,,,,
Stanford,Math,MATH 143,Differential Geometry,Aut,3,"Geometry of curves and surfaces in three-space and higher dimensional manifolds. Parallel transport, curvature, and geodesics. Surfaces with constant curvature. Minimal surfaces.",,,,,
Stanford,Math,MATH 145,Algebraic Geometry,"alternate years, given next year",3,"An introduction to the methods and concepts of algebraic geometry. The point of view and content will vary over time, but include: affine varieties, Hilbert basis theorem and Nullstellensatz, projective varieties, algebraic curves. Required: 120. Strongly recommended: additional mathematical maturity via further basic background with fields, point-set topology, or manifolds.",,,,,
Stanford,Math,MATH 146,Analysis on Manifolds,Win,3,"Differentiable manifolds, tangent space, submanifolds, implicit function theorem, differential forms, vector and tensor fields. Frobenius' theorem, DeRham theory. Prerequisite: 62CM or 52 and familiarity with linear algebra and analysis arguments at the level of 113 and 115 respectively.",62CM or 52 and familiarity with linear algebra and analysis arguments at the level of 113 and 115 respectively.,,,,
Stanford,Math,MATH 147,Differential Topology,Spr,3,"Smooth manifolds, transversality, Sards' theorem, embeddings, degree of a map, Borsuk-Ulam theorem, Hopf degree theorem, Jordan curve theorem. Prerequisite: 115 or 171.",115 or 171.,,,,
Stanford,Math,MATH 148,Algebraic Topology,"alternate years, given next year",3,"Fundamental group, covering spaces, Euler characteristic, homology, classification of surfaces, knots. Prerequisite: 109 or 120.",109 or 120.,,,,
Stanford,Math,MATH 151,Introduction to Probability Theory,not given this year,3,Counting; axioms of probability; conditioning and independence; expectation and variance; discrete and continuous random variables and distributions; joint distributions and dependence; central limit theorem and laws of large numbers. Prerequisite: 52 or consent of instructor.,52 or consent of instructor.,,,,
Stanford,Math,MATH 152,Elementary Theory of Numbers,Win,3,"Euclid's algorithm, fundamental theorems on divisibility; prime numbers; congruence of numbers; theorems of Fermat, Euler, Wilson; congruences of first and higher degrees; quadratic residues; introduction to the theory of binary quadratic forms; quadratic reciprocity; partitions.",,,,,
Stanford,Math,MATH 154,Algebraic Number Theory,"alternate years, given next year",3,"Properties of number fields and Dedekind domains, quadratic and cyclotomic fields, applications to some classical Diophantine equations. Prerequisites: 120 and 121, especially modules over principal ideal domains and Galois theory of finite fields.","120 and 121, especially modules over principal ideal domains and Galois theory of finite fields.",,,,
Stanford,Math,MATH 155,Analytic Number Theory,Spr,3,"Topics in analytic number theory such as the distribution of prime numbers, the prime number theorem, twin primes and Goldbach's conjecture, the theory of quadratic forms, Dirichlet's class number formula, Dirichlet's theorem on primes in arithmetic progressions, and the fifteen theorem. Prerequisite: 152, or familiarity with the Euclidean algorithm, congruences, residue classes and reduced residue classes, primitive roots, and quadratic reciprocity.","152, or familiarity with the Euclidean algorithm, congruences, residue classes and reduced residue classes, primitive roots, and quadratic reciprocity.",,,,
Stanford,Math,MATH 158,Basic Probability and Stochastic Processes with Engineering Applications (CME 298),Spr,3,"Calculus of random variables and their distributions with applications. Review of limit theorems of probability and their application to statistical estimation and basic Monte Carlo methods. Introduction to Markov chains, random walks, Brownian motion and basic stochastic differential equations with emphasis on applications from economics, physics and engineering, such as filtering and control. Prerequisites: exposure to basic probability.",exposure to basic probability.,,,,
Stanford,Math,MATH 159,Discrete Probabilistic Methods,not given this year,3,"Modern discrete probabilistic methods suitable for analyzing discrete structures of the type arising in number theory, graph theory, combinatorics, computer science, information theory and molecular sequence analysis. Prerequisite:  STATS 116/ MATH 151 or equivalent.",,,,,
Stanford,Math,MATH 161,Set Theory,not given this year,3,"Informal and axiomatic set theory: sets, relations, functions, and set-theoretical operations. The Zermelo-Fraenkel axiom system and the special role of the axiom of choice and its various equivalents. Well-orderings and ordinal numbers; transfinite induction and transfinite recursion. Equinumerosity and cardinal numbers; Cantor's Alephs and cardinal arithmetic. Open problems in set theory. Prerequisite: students should be comfortable doing proofs.",students should be comfortable doing proofs.,,,,
Stanford,Math,MATH 162,Philosophy of Mathematics (PHIL 162),Win,4,"Mathematics is a very peculiar human activity. It delivers a type of knowledge that is particularly stable, often conceived as a priori and necessary. Moreover, this knowledge is about abstract entities, which seem to have no connection to us, spatio-temporal creatures, and yet it plays a crucial role in our scientific endeavors. Many philosophical questions emerge naturally: What is the nature of mathematical objects? How can we learn anything about them? Where does the stability of mathematics comes from? What is the significance of results showing the limits of such knowledge, such as Gödel's incompleteness theorem? The first part of the course will survey traditional approaches to philosophy of mathematics (""the big Isms"") and consider the viability of their answers to some of the previous questions: logicism, intuitionism, Hilbert's program, empiricism, fictionalism, and structuralism. The second part will focus on philosophical issues emerging from the actual practice of mathemat ",,,,,
Stanford,Math,MATH 163,The Greek Invention of Mathematics (CLASSICS 136),Aut,3-5,"How was mathematics invented? A survey of the main creative ideas of ancient Greek mathematics. Among the issues explored are the axiomatic system of Euclid's Elements, the origins of the calculus in Greek measurements of solids and surfaces, and Archimedes' creation of mathematical physics. We will provide proofs of ancient theorems, and also learn how such theorems are even known today thanks to the recovery of ancient manuscripts.",,,,,
Stanford,Math,MATH 171,Fundamental Concepts of Analysis,"Aut, Spr",3,"Recommended for Mathematics majors and required of honors Mathematics majors. Similar to 115 but altered content and more theoretical orientation. Properties of Riemann integrals, continuous functions and convergence in metric spaces; compact metric spaces, basic point set topology. Prerequisite: 61CM or 61DM or 115 or consent of the instructor. WIM",61CM or 61DM or 115 or consent of the instructor. WIM,,,,
Stanford,Math,MATH 172,Lebesgue Integration and Fourier Analysis,Spr,3,"Similar to 205A, but for undergraduate Math majors and graduate students in other disciplines. Topics include Lebesgue measure on Euclidean space, Lebesgue integration, L^p spaces, the Fourier transform, the Hardy-Littlewood maximal function and Lebesgue differentiation. Prerequisite: 171 or consent of instructor.",171 or consent of instructor.,,,,
Stanford,Math,MATH 173,Theory of Partial Differential Equations,Win,3,"A rigorous introduction to PDE accessible to advanced undergraduates. Elliptic, parabolic, and hyperbolic equations in many space dimensions including basic properties of solutions such as maximum principles, causality, and conservation laws. Methods include the Fourier transform as well as more classical methods. The Lebesgue integral will be used throughout, but a summary of its properties will be provided to make the course accessible to students who have not had 172 or 205A. In years when  Math 173 is not offered,  Math 220 is a recommended alternative (with similar content but a different emphasis). Prerequisite: 171 or equivalent.",171 or equivalent.,,,,
Stanford,Math,MATH 174,Calculus of Variations,not given this year,3,"An introductory course emphasizing the historical development of the theory, its connections to physics and mechanics, its independent mathematical interest, and its contacts with daily life experience. Applications to minimal surfaces and to capillary surface interfaces. Prerequisites:  Math 171 or equivalent.",,,,,
Stanford,Math,MATH 175,Elementary Functional Analysis,Aut,3,Linear operators on Hilbert space. Spectral theory of compact operators; applications to integral equations. Elements of Banach space theory. Prerequisite: 115 or 171.,115 or 171.,,,,
Stanford,Math,MATH 177,Geometric Methods in the Theory of Ordinary Differential Equations,Spr,3,Hamiltonian systems and their geometry. First order PDE and Hamilton-Jacobi equation. Structural stability and hyperbolic dynamical systems. Completely integrable systems. Perturbation theory.,,,,,
Stanford,Math,MATH 193,Polya Problem Solving Seminar,Aut,1,"Topics in mathematics and problem solving strategies with an eye towards the Putnam Competition. Topics may include parity, the pigeonhole principle, number theory, recurrence, generating functions, and probability. Students present solutions to the class. Open to anyone with an interest in mathematics.",,,,,
Stanford,Math,MATH 197,Senior Honors Thesis,"Aut, Win, Spr, Sum",1-6,Honors math major working on senior honors thesis under an approved advisor carries out research and reading. Satisfactory written account of progress achieved during term must be submitted to advisor before term ends. May be repeated 3 times for a max of 9 units. Contact department student services specialist to enroll.,,,,,
Stanford,Math,MATH 198,Practical Training,Sum,1,"Only for undergraduate students majoring in mathematics. Students obtain employment in a relevant industrial or research activity to enhance their professional experience. Students submit a concise report detailing work activities, problems worked on, and key results. May be repeated for credit up to 3 units. Prerequisite: qualified offer of employment and consent of department. Prior approval by Math Department is required; you must contact the Math Department's Student Services staff for instructions before being granted permission to enroll.",qualified offer of employment and consent of department. Prior approval by Math Department is required; you must contact the Math Department's Student Services staff for instructions before being granted permission to enroll.,,,,
Stanford,Math,MATH 199,Independent Work,"Aut, Win, Spr, Sum",1-3,For math majors only. Undergraduates pursue a reading program; topics limited to those not in regular department course offerings. Credit can fulfill the elective requirement for math majors. Approval of Undergraduate Affairs Committee is required to use credit for honors majors area requirement. Contact department student services specialist to enroll.,,,,,
Stanford,Math,MATH 205A,Real Analysis,Aut,3,Basic measure theory and the theory of Lebesgue integration. Prerequisite: 171 or equivalent.,171 or equivalent.,,,,
Stanford,Math,MATH 205B,Real Analysis,Win,3,"Point set topology, basic functional analysis, Fourier series, and Fourier transform. Prerequisites: 171 and 205A or equivalent.",171 and 205A or equivalent.,,,,
Stanford,Math,MATH 205C,Real Analysis,Spr,3,Continuation of 205B.,,,,,
Stanford,Math,MATH 210A,Modern Algebra I,Aut,3,"Basic commutative ring and module theory, tensor algebra, homological constructions, linear and multilinear algebra, canonical forms and Jordan decomposition. Prerequisite: 122 or equivalent.",122 or equivalent.,,,,
Stanford,Math,MATH 210B,Modern Algebra II,Win,3,"Continuation of 210A. Topics in field theory, commutative algebra, and algebraic geometry. Prerequisites: 210A, and 121 or equivalent.","210A, and 121 or equivalent.",,,,
Stanford,Math,MATH 210C,Lie Theory,Spr,3,"Topics in Lie groups, Lie algebras, and/or representation theory. Prerequisite:  math 210B. May be repeated for credit.",,,,,
Stanford,Math,MATH 215A,Algebraic Topology,Aut,3,"Topics: fundamental group and covering spaces, basics of homotopy theory, homology and cohomology (simplicial, singular, cellular), products, introduction to topological manifolds, orientations, Poincare duality. Prerequisites: 113, 120, and 171.","113, 120, and 171.",,,,
Stanford,Math,MATH 215B,Differential Topology,Win,3,"Topics: Basics of differentiable manifolds (tangent spaces, vector fields, tensor fields, differential forms), embeddings, tubular neighborhoods, integration and Stokes¿ Theorem, deRham cohomology, intersection theory via Poincare duality, Morse theory. Prerequisite: 215A",215A,,,,
Stanford,Math,MATH 215C,Differential Geometry,Spr,3,"This course will be an introduction to Riemannian Geometry. Topics will include the Levi-Civita connection, Riemann curvature tensor, Ricci and scalar curvature, geodesics, parallel transport, completeness, geodesics and Jacobi fields, and comparison techniques. Prerequisites 146 or 215B",,,,,
Stanford,Math,MATH 216A,Introduction to Algebraic Geometry,Aut,3,"Algebraic curves, algebraic varieties, sheaves, cohomology, Riemann-Roch theorem. Classification of algebraic surfaces, moduli spaces, deformation theory and obstruction theory, the notion of schemes. May be repeated for credit. Prerequisites: 210ABC or equivalent.",210ABC or equivalent.,,,,
Stanford,Math,MATH 216B,Introduction to Algebraic Geometry,Win,3,Continuation of 216A. May be repeated for credit.,,,,,
Stanford,Math,MATH 216C,Introduction to Algebraic Geometry,Spr,3,Continuation of 216B. May be repeated for credit.,,,,,
Stanford,Math,MATH 217C,Complex Differential Geometry,not given this year,3,"Complex structures, almost complex manifolds and integrability, Hermitian and Kahler metrics, connections on complex vector bundles, Chern classes and Chern-Weil theory, Hodge and Dolbeault theory, vanishing theorems, Calabi-Yau manifolds, deformation theory.",,,,,
Stanford,Math,MATH 220,Partial Differential Equations of Applied Mathematics (CME 303),Aut,3,"First-order partial differential equations; method of characteristics; weak solutions; elliptic, parabolic, and hyperbolic equations; Fourier transform; Fourier series; and eigenvalue problems. Prerequisite: Basic coursework in multivariable calculus and ordinary differential equations, and some prior experience with a proof-based treatment of the material as in  Math 171 or  Math 61CM (formerly  Math 51H).",,,,,
Stanford,Math,MATH 221A,Mathematical Methods of Imaging (CME 321A),"alternate years, given next year",3,Image denoising and deblurring with optimization and partial differential equations methods. Imaging functionals based on total variation and l-1 minimization. Fast algorithms and their implementation.,,,,,
Stanford,Math,MATH 221B,Mathematical Methods of Imaging (CME 321B),not given this year,3,"Array imaging using Kirchhoff migration and beamforming, resolution theory for broad and narrow band array imaging in homogeneous media, topics in high-frequency, variable background imaging with velocity estimation, interferometric imaging methods, the role of noise and inhomogeneities, and variational problems that arise in optimizing the performance of array imaging algorithms.",,,,,
Stanford,Math,MATH 226,Numerical Solution of Partial Differential Equations (CME 306),Spr,3,"Hyperbolic partial differential equations: stability, convergence and qualitative properties; nonlinear hyperbolic equations and systems; combined solution methods from elliptic, parabolic, and hyperbolic problems. Examples include: Burger's equation, Euler equations for compressible flow, Navier-Stokes equations for incompressible flow. Prerequisites:  MATH 220A or  CME 302.",,,,,
Stanford,Math,MATH 227,Partial Differential Equations and Diffusion Processes,not given this year,3,Parabolic and elliptic partial differential equations and their relation to diffusion processes. First order equations and optimal control. Emphasis is on applications to mathematical finance. Prerequisites:  MATH 136/ STATS 219 (or equivalents) and  MATH 131P +  MATH 115/171 or  MATH 173 or  MATH 220.,,,,,
Stanford,Math,MATH 228,"Stochastic Methods in Engineering (CME 308, MS&E 324)",Spr,3,"The basic limit theorems of probability theory and their application to maximum likelihood estimation. Basic Monte Carlo methods and importance sampling. Markov chains and processes, random walks, basic ergodic theory and its application to parameter estimation. Discrete time stochastic control and Bayesian filtering. Diffusion approximations, Brownian motion and an introduction to stochastic differential equations. Examples and problems from various applied areas. Prerequisites: exposure to probability and background in analysis.",exposure to probability and background in analysis.,,,,
Stanford,Math,MATH 228A,"Probability, Stochastic Analysis and Applications",not given this year,3,"The basic limit theorems of probability theory and their application to maximum likelihood estimation. Basic Monte Carlo methods and importance sampling. Markov chains and processes, random walks, basic ergodic theory and its application to parameter estimation. Discrete time stochastic control and Bayesian filtering. Diffusion approximations, Brownian motion and basic stochastic differential equations. Examples and problems from various applied areas. Prerequisites: exposure to probability and background in analysis.",exposure to probability and background in analysis.,,,,
Stanford,Math,MATH 230A,Theory of Probability I (STATS 310A),Aut,2-4,"Mathematical tools: sigma algebras, measure theory, connections between coin tossing and Lebesgue measure, basic convergence theorems. Probability: independence, Borel-Cantelli lemmas, almost sure and Lp convergence, weak and strong laws of large numbers. Large deviations. Weak convergence; central limit theorems; Poisson convergence; Stein's method. Prerequisites: 116,  MATH 171.",,,,,
Stanford,Math,MATH 230B,Theory of Probability II (STATS 310B),Win,2-3,"Conditional expectations, discrete time martingales, stopping times, uniform integrability, applications to 0-1 laws, Radon-Nikodym Theorem, ruin problems, etc. Other topics as time allows selected from (i) local limit theorems, (ii) renewal theory, (iii) discrete time Markov chains, (iv) random walk theory,n(v) ergodic theory. Prerequisite: 310A or  MATH 230A.",,,,,
Stanford,Math,MATH 230C,Theory of Probability III (STATS 310C),Spr,2-4,"Continuous time stochastic processes: martingales, Brownian motion, stationary independent increments, Markov jump processes and Gaussian processes. Invariance principle, random walks, LIL and functional CLT. Markov and strong Markov property. Infinitely divisible laws. Some ergodic theory. Prerequisite: 310B or  MATH 230B.  http://statweb.stanford.edu/~adembo/stat-310c/",,,,,
Stanford,Math,MATH 231,Mathematics and Statistics of Gambling (STATS 334),Spr,3,"Probability and statistics are founded on the study of games of chance. Nowadays, gambling (in casinos, sports and the Internet) is a huge business. This course addresses practical and theoretical aspects. Topics covered: mathematics of basic random phenomena (physics of coin tossing and roulette, analysis of various methods of shuffling cards), odds in popular games, card counting, optimal tournament play, practical problems of random number generation. Prerequisites: Statistics 116 and 200.",Statistics 116 and 200.,,,,
Stanford,Math,MATH 231A,An Introduction to Random Matrix Theory (STATS 351A),not given this year,3,"Patterns in the eigenvalue distribution of typical large matrices, which also show up in physics (energy distribution in scattering experiments), combinatorics (length of longest increasing subsequence), first passage percolation and number theory (zeros of the zeta function). Classical compact ensembles (random orthogonal matrices). The tools of determinental point processes.",,,,,
Stanford,Math,MATH 231C,Free Probability,not given this year,3,"Background from operator theory, addition and multiplication theorems for operators, spectral properties of infinite-dimensional operators, the free additive and multiplicative convolutions of probability measures and their classical counterparts, asymptotic freeness of large random matrices, and free entropy and free dimension. Prerequisite:  STATS 310B or equivalent.",,,,,
Stanford,Math,MATH 232,Topics in Probability: Percolation Theory,not given this year,3,"An introduction to first passage percolation and related general tools and models. Topics include early results on shape theorems and fluctuations, more modern development using hyper-contractivity, recent breakthrough regarding scaling exponents, and providing exposure to some fundamental long-standing open problems. Course prerequisite: graduate-level probability.",graduate-level probability.,,,,
Stanford,Math,MATH 233A,Topics in Combinatorics,Win,3,,,,,,
Stanford,Math,MATH 233B,Topics in Combinatorics: Polyhedral Techniques in Optimization,not given this year,3,"LP duality and min-max formulas; matchings, spanning trees, matroids, matroid union and intersection; packing of trees and arborescences; submodular functions, continuous extensions and optimization.",,,,,
Stanford,Math,MATH 233C,Topics in Combinatorics,not given this year,3,,,,,,
Stanford,Math,MATH 234,Large Deviations Theory (STATS 374),not given this year,3,"Combinatorial estimates and the method of types. Large deviation probabilities for partial sums and for empirical distributions, Cramer's and Sanov's theorems and their Markov extensions. Applications in statistics, information theory, and statistical mechanics. Prerequisite:  MATH 230A or  STATS 310. Offered every 2-3 years.  http://statweb.stanford.edu/~adembo/large-deviations/",,,,,
Stanford,Math,MATH 235A,Topics in combinatorics,not given this year,3,"This advanced course in extremal combinatorics covers several major themes in the area. These include extremal combinatorics and Ramsey theory, the graph regularity method, and algebraic methods.",,,,,
Stanford,Math,MATH 235B,Modern Markov Chain Theory,not given this year,3,"This is a graduate-level course on the use and analysis of Markov chains. Emphasis is placed on explicit rates of convergence for chains used in applications to physics, biology, and statistics. Topics covered: basic constructions (metropolis, Gibbs sampler, data augmentation, hybrid Monte Carlo); spectral techniques (explicit diagonalization, Poincaré, and Cheeger bounds); functional inequalities (Nash, Sobolev, Log Sobolev); probabilistic techniques (coupling, stationary times, Harris recurrence). A variety of card shuffling processes will be studies. Central Limit and concentration.",,,,,
Stanford,Math,MATH 235C,Topics in Markov Chains,not given this year,3,"Classical functional inequalities (Nash, Faber-Krahn, log-Sobolev inequalities), comparison of Dirichlet forms. Random walks and isoperimetry of amenable groups (with a focus on solvable groups). Entropy, harmonic functions, and Poisson boundary (following Kaimanovich-Vershik theory).",,,,,
Stanford,Math,MATH 236,Introduction to Stochastic Differential Equations,Win,3,"Brownian motion, stochastic integrals, and diffusions as solutions of stochastic differential equations. Functionals of diffusions and their connection with partial differential equations. Random walk approximation of diffusions. Prerequisite: 136 or equivalent and differential equations.",136 or equivalent and differential equations.,,,,
Stanford,Math,MATH 237,Default and Systemic Risk,not given this year,3,"Introduction to mathematical models of complex static and dynamic stochastic systems that undergo sudden regime change in response to small changes in parameters. Examples from materials science (phase transitions), power grid models, financial and banking systems. Special emphasis on mean field models and their large deviations, including computational issues. Dynamic network models of financial systems and their stability.",,,,,
Stanford,Math,MATH 238,Mathematical Finance (STATS 250),Win,3,Stochastic models of financial markets. Forward and futures contracts. European options and equivalent martingale measures. Hedging strategies and management of risk. Term structure models and interest rate derivatives. Optimal stopping and American options. Corequisites:  MATH 236 and 227 or equivalent.,,,,,
Stanford,Math,MATH 239,Computation and Simulation in Finance,not given this year,3,"Monte Carlo, finite difference, tree, and transform methods for the numerical solution of partial differential equations in finance. Emphasis is on derivative security pricing. Prerequisite: 238 or equivalent.",238 or equivalent.,,,,
Stanford,Math,MATH 243,Functions of Several Complex Variables,not given this year,3,"Holomorphic functions in several variables, Hartogs phenomenon, d-bar complex, Cousin problem. Domains of holomorphy. Plurisubharmonic functions and pseudo-convexity. Stein manifolds. Coherent sheaves, Cartan Theorems A&B. Levi problem and its solution. Grauert¿s Oka principle. nPrerequisites:  MATH 215A and experience with manifolds.",,,,,
Stanford,Math,MATH 244,Riemann Surfaces,Aut,3,"Riemann surfaces and holomorphic maps, algebraic curves, maps to projective spaces. Calculus on Riemann surfaces. Elliptic functions and integrals. Riemann-Hurwitz formula. Riemann-Roch theorem, Abel-Jacobi map. Uniformization theorem. Hyperbolic surfaces. (Suitable for advanced undergraduates.) Prerequisites:  MATH 106 or  MATH 116, and familiarity with surfaces equivalent to  MATH 143,  MATH 146, or  MATH 147.",,,,,
Stanford,Math,MATH 245A,Topics in Algebraic Geometry,not given this year,3,Topics of contemporary interest in algebraic geometry. May be repeated for credit.,,,,,
Stanford,Math,MATH 245B,Topics in Algebraic Geometry,Win,3,May be repeated for credit.,,,,,
Stanford,Math,MATH 245C,Topics in Algebraic Geometry,not given this year,3,May be repeated for credit.,,,,,
Stanford,Math,MATH 246,Topics in number theory:  L-functions,not given this year,3,"The Riemann Zeta function and Dirichlet L-functions, zero-free regions and vertical distribution of the zeros, primes in arithmetic progressions, the class number problem, Hecke L-functions and Tate's thesis, Artin L-functions and the Chebotarev density theorem, Modular forms and Maass forms.nnPrerequisites: Algebraic Number Theory.",Algebraic Number Theory.,,,,
Stanford,Math,MATH 248,Introduction to Ergodic Theory,not given this year,3,"Topics may include 1) subadditive and multiplicative ergodic theorems, 2) notions of mixing, weak mixing, spectral theory, 3) metric and topological entropy of dynamical systems, 4) measures of maximal entropy. Prerequisites: Solid background in ""Measure and Integration"" ( Math 205A) and some functional analysis, including Riesz representation theorem and Hahn-Banach theorem ( Math 205B).",,,,,
Stanford,Math,MATH 249A,Topics in number theory,Aut,3,Topics of contemporary interest in number theory. May be repeated for credit.,,,,,
Stanford,Math,MATH 249B,Topics in Number Theory,Win,3,,,,,,
Stanford,Math,MATH 249C,Topics in Number Theory,not given this year,3,,,,,,
Stanford,Math,MATH 256A,Partial Differential Equations,not given this year,3,"The theory of linear and nonlinear partial differential equations, beginning with linear theory involving use of Fourier transform and Sobolev spaces. Topics: Schauder and L2 estimates for elliptic and parabolic equations; De Giorgi-Nash-Moser theory for elliptic equations; nonlinear equations such as the minimal surface equation, geometric flow problems, and nonlinear hyperbolic equations.",,,,,
Stanford,Math,MATH 256B,Partial Differential Equations,Win,3,Continuation of 256A.,,,,,
Stanford,Math,MATH 257A,Symplectic Geometry and Topology,not given this year,3,"Linear symplectic geometry and linear Hamiltonian systems. Symplectic manifolds and their Lagrangian submanifolds, local properties. Symplectic geometry and mechanics. Contact geometry and contact manifolds. Relations between symplectic and contact manifolds. Hamiltonian systems with symmetries. Momentum map and its properties. May be repeated for credit.",,,,,
Stanford,Math,MATH 257B,Symplectic Geometry and Topology,Aut,3,Continuation of 257A. May be repeated for credit.,,,,,
Stanford,Math,MATH 257C,Symplectic Geometry and Topology,Spr,3,Continuation of 257B. May be repeated for credit.,,,,,
Stanford,Math,MATH 258,Topics in Geometric Analysis,not given this year,3,May be repeated for credit.,,,,,
Stanford,Math,MATH 262,Applied Fourier Analysis and Elements of Modern Signal Processing (CME 372),not given this year,3,"Introduction to the mathematics of the Fourier transform and how it arises in a number of imaging problems. Mathematical topics include the Fourier transform, the Plancherel theorem, Fourier series, the Shannon sampling theorem, the discrete Fourier transform, and the spectral representation of stationary stochastic processes. Computational topics include fast Fourier transforms (FFT) and nonuniform FFTs. Applications include Fourier imaging (the theory of diffraction, computed tomography, and magnetic resonance imaging) and the theory of compressive sensing.",,,,,
Stanford,Math,MATH 263A,Algebraic Combinatorics and Symmetric Functions,not given this year,3,"Symmetric function theory unifies large parts of combinatorics. Theorems about permutations, partitions, and graphs now follow in a unified way. Topics: The usual bases (monomial, elementary, complete, and power sums). Schur functions. Representation theory of the symmetric group. Littlewood-Richardson rule, quasi-symmetric functions, combinatorial Hopf algebras, introduction to Macdonald polynomials. Throughout, emphasis is placed on applications (e.g. to card shuffling and random matrix theory). Prerequisite: 210A and 210B, or equivalent.","210A and 210B, or equivalent.",,,,
Stanford,Math,MATH 263B,Crystal Bases: Representations and Combinatorics,not given this year,3,Crystal Bases are combinatorial analogs of representation theorynof Lie groups. We will explore different aspects of thesenanalogies and develop rigorous purely combinatorial foundations.,,,,,
Stanford,Math,MATH 263C,Topics in Representation Theory,Spr,3,May be repeated for credit.,,,,,
Stanford,Math,MATH 269,Topics in symplectic geometry,not given this year,3,May be repeated for credit.,,,,,
Stanford,Math,MATH 270,Geometry and Topology of Complex Manifolds,not given this year,3,"Complex manifolds, Kahler manifolds, curvature, Hodge theory, Lefschetz theorem, Kahler-Einstein equation, Hermitian-Einstein equations, deformation of complex structures. May be repeated for credit.",,,,,
Stanford,Math,MATH 271,The H-Principle,Win,3,The language of jets. Thom transversality theorem. Holonomic approximation theorem. Applications: immersion theory and its generaliazations. Differential relations and Gromov's h-principle for open manifolds. Applications to symplectic geometry. Microflexibility. Mappings with simple singularities and their applications. Method of convex integration. Nash-Kuiper C^1-isometric embedding theorem.,,,,,
Stanford,Math,MATH 272,Topics in Partial Differential Equations,Aut,3,,,,,,
Stanford,Math,MATH 273,Topics in Mathematical Physics (STATS 359),not given this year,3,"Covers a list of topics in mathematical physics. The specific topics may vary from year to year, depending on the instructor's discretion. Background in graduate level probability theory and analysis is desirable.",,,,,
Stanford,Math,MATH 280,Evolution Equations in Differential Geometry,not given this year,3,,,,,,
Stanford,Math,MATH 282A,Low Dimensional Topology,Aut,3,"The theory of surfaces and 3-manifolds. Curves on surfaces, the classification of diffeomorphisms of surfaces, and Teichmuller space. The mapping class group and the braid group. Knot theory, including knot invariants. Decomposition of 3-manifolds: triangulations, Heegaard splittings, Dehn surgery. Loop theorem, sphere theorem, incompressible surfaces. Geometric structures, particularly hyperbolic structures on surfaces and 3-manifolds. May be repeated for credit up to 6 total units.",,,,,
Stanford,Math,MATH 282B,Homotopy Theory,Spr,3,"Homotopy groups, fibrations, spectral sequences, simplicial methods, Dold-Thom theorem, models for loop spaces, homotopy limits and colimits, stable homotopy theory. May be repeated for credit up to 6 total units.",,,,,
Stanford,Math,MATH 282C,Fiber Bundles and Cobordism,Spr,3,"Possible topics: principal bundles, vector bundles, classifying spaces. Connections on bundles, curvature. Topology of gauge groups and gauge equivalence classes of connections. Characteristic classes and K-theory, including Bott periodicity, algebraic K-theory, and indices of elliptic operators. Spectral sequences of Atiyah-Hirzebruch, Serre, and Adams. Cobordism theory, Pontryagin-Thom theorem, calculation of unoriented and complex cobordism. May be repeated for credit up to 6 total units.",,,,,
Stanford,Math,MATH 283,Topics in Algebraic and Geometric Topology,not given this year,3,May be repeated for credit.,,,,,
Stanford,Math,MATH 283A,Topics in Topology,Win,3,,,,,,
Stanford,Math,MATH 284,Topics in Geometric Topology,not given this year,3,"Incompressible surfaces, irreducible manifolds, prime decomposition, Morse theory, Heegaard diagrams, Heegaard splittings, the Thurston norm, sutured manifold theory, Heegaard Floer homology, sutured Floer homology.",,,,,
Stanford,Math,MATH 284A,Geometry and Topology in Dimension 3,not given this year,3,The Poincare conjecture and the uniformization of 3-manifolds. May be repeated for credit.,,,,,
Stanford,Math,MATH 284B,Geometry and Topology in Dimension 3,not given this year,3,The Poincare conjecture and the uniformization of 3-manifolds. May be repeated for credit.,,,,,
Stanford,Math,MATH 286,Topics in Differential Geometry,not given this year,3,May be repeated for credit.,,,,,
Stanford,Math,MATH 298,Graduate Practical Training,"Aut, Win, Spr, Sum",1,"Only for mathematics graduate students. Students obtain employment in a relevant industrial or research activity to enhance their professional experience. Students submit a concise report detailing work activities, problems worked on, and key results. May be repeated for credit up to 3 units. Prerequisite: qualified offer of employment and consent of department. Prior approval by Math Department is required; you must contact the Math Department's Student Services staff for instructions before being granted permission to enroll.",qualified offer of employment and consent of department. Prior approval by Math Department is required; you must contact the Math Department's Student Services staff for instructions before being granted permission to enroll.,,,,
Stanford,Math,MATH 301,Advanced Topics in Convex Optimization (CME 375),not given this year,3,"Modern developments in convex optimization: semidefinite programming; novel and efficient first-order algorithms for smooth and nonsmooth convex optimization. Emphasis on numerical methods suitable for large scale problems arising in science and engineering. Prerequisites: convex optimization ( EE 364), linear algebra ( Math 104), numerical linear algebra ( CME 302); background in probability, statistics, real analysis and numerical optimization.",,,,,
Stanford,Math,MATH 305,Applied mathematics through toys and magic,not given this year,3,"This course is a series of case-studies in doing applied mathematics on surprising phenomena we notice in daily life. Almost every class will show demos of these phenomena (toys and magic) and suggest open projects. The topics range over a great variety and cut across areas traditionally pigeonholed as physics, biology, engineering, computer science, mathematics ¿ but, instead of developing sophisticated mathematics on simple material, our aim is to extract simple mathematical understanding from sophisticated material which, at first, we may not yet know how to pigeonhole. In each class I will try to make the discussion self-contained and to give everybody something to take home, regardless of the background.",,,,,
Stanford,Math,MATH 355,Graduate Teaching Seminar,Spr,1,Required of and limited to first-year Mathematics graduate students.,,,,,
Stanford,Math,MATH 360,Advanced Reading and Research,"Aut, Win, Spr, Sum",1-10,,,,,,
Stanford,Math,MATH 382,Qualifying Examination Seminar,"Win, Sum",1-3,,,,,,
Stanford,Math,MATH 391,Research Seminar in Logic (PHIL 391),not given this year,1-3,Contemporary work. May be repeated a total of three times for credit.,,,,,
Stanford,Math,MATH 802,TGR Dissertation,"Aut, Win, Spr, Sum",0,,,,,,
