E81 CSE 104,Web Development,"This comprehensive course does not assume prior programming background or web design experience. Explores elementary principles that go into designing, creating and publishing an effective website. Topics include the production process, design metaphors, interface/information design, page layout concepts, graphics preparation, color theory, development tools, HTML, style sheets, basic scripting techniques, search engine optimization and site maintenance/marketing strategies.",
E81 CSE 131,Computer Science I,"An introduction to software concepts and implementation, emphasizing problem solving through abstraction and decomposition. Introduces processes and algorithms, procedural abstraction, data abstraction, encapsulation and object-oriented programming. Recursion, iteration and simple data structures are covered. Concepts and skills are mastered through programming projects, many of which employ graphics to enhance conceptual understanding. Java, an object-oriented programming language, is the vehicle of exploration. Active-learning sessions are conducted in a studio setting in which students interact with each other and the professor to solve problems collaboratively. Prerequisites: Comfort with algebra and geometry at the high school level is assumed. Patience, good planning and organization promote success. This course assumes no prior experience with programming.",
E81 CSE 131R,Seminar: Computer Science I,A seminar and discussion session that complements the material studied in CSE 131. Provides background and breadth for the disciplines of computer science and computer engineering. Features guest lectures and highly interactive discussions of diverse computer science topics. Highly recommended for majors and for any student seeking a broader view of computer science or computer engineering. Pass/Fail only.,
E81 CSE 132,Computer Science II,"CSE 132 introduces students to fundamental concepts in the basic operation of computers, ranging from desktops and servers to microcontrollers and handheld devices. Subjects include digital and analog input/output, sensing the physical world, information representation, basic computer architecture and machine language, time-critical computation, machine-to-machine communication and protocol design. Students will use both desktop systems and handheld microcontrollers for laboratory experiments. Active-learning sessions are conducted in a studio setting in which students interact with each other and the professor to solve problems collaboratively. Prerequisite: CSE 131.",
E81 CSE 141,The Digital Society,"Our modern digital society is both exciting and challenging. As the effectiveness of computing advances, and digital technologies like the internet and algorithmic decision-making affect and penetrate more and more aspects of our lives, we face extraordinary opportunities and equally extraordinary challenges. Computer driven automation increases our quality of life but eradicates our jobs! The internet and smartphones keep us connected but subject us to growing corporate, government and criminal surveillance! In this course, co-taught by professors from the Schools of Engineering and Law, we will examine the fundamental technical underpinnings of digital society and its consequences. We will discuss ""Welcome to the Future,"" ""The Future of Jobs,"" and ""The Future of Humans."" All aspects of life are evolving rapidly in our digital society, and we will draw on expert and engaging guest speakers from all seven schools of Washington University and intellectual leaders from beyond ourcampus to share their perspectives and insights. This course will help students to perceive the modern world in new ways in order to better understand how technological shifts are changing and challenging notions of individual and collective prosperity. Our goal is to give students both the technical understanding of how our new technologies work and the critical skills to evaluate them for themselves as citizens and leaders of our new digital society.",
E81 CSE 222S,Internet of Things,"For a very long time, the Things in our world have lived relatively lonely and single-purposed lives. With the advent of the Internet of Things, we can address, control, and interconnect these formerly isolated devices to create new and interesting applications. In this course we study Bluetooth Low Energy, one of the fundamental networking technologies behind Internet-of-Things devices, and Appcessories, which include smart watches, health monitors, toys and appliances. In addition to learning about the Bluetooth Low Energy protocol and network stack, students gain hands-on experience developing multi-platform solutions that control and communicate with Things using an accompanying app on a mobile device. Students apply their knowledge and skill to develop a project of their choosing using topics from the course. Prerequisite: CSE 132.",
E81 CSE 231S,Introduction to Parallel and Concurrent Programming,"This course explores concepts, techniques, and design approaches for parallel and concurrent programming. We study how to write programs that make use of multiple processors for responsiveness and that share resources reliably and fairly. Parallel programming concepts include task-level, functional, and loop-level parallelism. Concurrent programming concepts include threads, synchronization and locks. We cover how to adapt algorithms to achieve determinism and avoid data races and deadlock. Concepts and skills are acquired through the design and implementation of software projects. Collaboration skills are developed through work performed in small teams. Prerequisite: CSE 131 or equivalent.",
E81 CSE 232,Programming Skills Workshop,"This course provides an overview of practical implementation skills. Topics include compilation and linking, memory management, pointers and references, using code libraries, testing and debugging. Prerequisites: CSE 132.",
E81 CSE 240,Logic and Discrete Mathematics,"Introduces elements of logic and discrete mathematics that allow reasoning about computational structures and processes. Generally, the areas of discrete structures, proof techniques, probability and computational models are covered. Topics typically include propositional and predicate logic; sets, relations, functions and graphs; proof by contradiction, induction and reduction; finite state machines and regular languages; and introduction to discrete probability, expected value and variance. Prerequisite: CSE 131.",
E81 CSE 247,Data Structures and Algorithms,"Study of fundamental algorithms, data structures, and their effective use in a variety of applications. Emphasizes importance of data structure choice and implementation for obtaining the most efficient algorithm for solving a given problem. A key component of this course is worst-case asymptotic analysis, which provides a quick and simple method for determining the scalability and effectiveness of an algorithm. Prerequisite: CSE 240.",
E81 CSE 260M ,Introduction to Digital Logic and Computer Design,"Introduction to design methods for digital logic and fundamentals of computer architecture. Boolean algebra and logic minimization techniques; sources of delay in combinational circuits and effect on circuit performance; survey of common combinational circuit components; sequential circuit design and analysis; timing analysis of sequential circuits; use of computer-aided design tools for digital logic design (schematic capture, hardware description languages, simulation); design of simple processors and memory subsystems; program execution in simple processors; basic techniques for enhancing processor performance; configurable logic devices. Prerequisites: CSE 131.",
E81 CSE 316A,Social Network Analysis,"This course looks at social networks and markets through the eyes of a computer scientist. We will look at questions including, ""Why are acquaintances rather than friends more likely to get us job opportunities?"" and, ""Why do the rich get richer?"" We begin by studying graph theory (allowing us to study the structure) and game theory (allowing us to study the interactions) of social networks and market behavior at the introductory level. Among other topics, we will study auctions, epidemics, and the structure of the internet (including web searches). This course examines the intersection of computer science, economics, sociology, and applied mathematics. Prerequisites: CSE 247 and ESE 326.",
E81 CSE 330S,Rapid Prototype Development and Creative Programming,"This course uses web development as a vehicle for developing skills in rapid prototyping. Students acquire the skills to build a Linux web server in Apache, to write a website from scratch in PHP, to run an SQL database, to perform scripting in Python, to employ the AngularJS web framework, and to develop modern web applications in client-side and server-side JavaScript. The course culminates with a creative project in which students are able to synthesize the course material into a project of their own interest. The course implements an interactive studio format: After a formal presentation of a topic, students develop a related project under the supervision of the instructor. Prerequisite: CSE 131.",
E81 CSE 332S ,Object-Oriented Software Development Laboratory,"Intensive focus on practical aspects of designing, implementing and debugging software, using object-oriented, procedural, and generic programming techniques. The course emphasizes familiarity and proficiency with a wide range of C++ language features through hands-on practice completing studio exercises and lab assignments, supplemented with readings and summary presentations for each session. Prerequisites: CSE 247.",
E81 CSE 341T ,Parallel and Sequential Algorithms,"The course aims to teach how to design, analyze and implement parallel algorithms. The emphasis is on teaching fundamental principles and design techniques that easily transfer over to parallel programming. These techniques include divide and conquer, contraction, the greedy method, etc. Prerequisite: CSE 247.",
E81 CSE 347,Analysis of Algorithms,"Introduces techniques for the mathematical analysis of algorithms, including randomized algorithms and non-worst-case analyses such as amortized and competitive analysis. Introduces the standard paradigms of divide-and-conquer, greedy, and dynamic programming algorithms, as well as reductions. Also provides an introduction to the study of intractability and techniques to determine when good algorithms cannot be designed. Prerequisite: CSE 247.",
E81 CSE 361S ,Introduction to Systems Software,"Introduction to the hardware and software foundations of computer processing systems. This course provides a programmer's perspective of how computer systems execute programs and store information. The course material aims to enable students to become more effective programmers, especially in dealing with issues of performance, portability and robustness. It also serves as a foundation for other system courses, such as compilers, networks, and operating systems, where a deeper understanding of systems-level issues is required. Topics covered include: machine-level code and its generation by optimizing compilers, performance evaluation and optimization, computer arithmetic, memory organization and management, and supporting concurrent computation. Prerequisites: CSE 132.",
E81 CSE 362M,Computer Architecture,"This course explores the interaction and design philosophy of hardware and software for digital computer systems. Topics include: processor architecture, instruction set architecture, Assembly Language, memory hierarchy design, I/O considerations, and a comparison of computer architectures. Prerequisite: CSE 260M.",
E81 CSE 365S,Elements of Computing Systems,"All computers are made up of 0s and 1s. However, the conceptual gap between the 0s and 1s and the day-to-day operation of modern computers is enormously wide. This fast-paced course aims to bridge the divide by starting with simple logic gates and building up the levels of abstraction until one can create games like Tetris. There is no specific programming language requirement, but some experience with programming is needed. Prerequisite: CSE 247.",
E81 CSE 400 ,Independent Study,"Investigation of a topic in computer science and engineering of mutual interest to the student and a mentor. Interested students are encouraged to approach and engage faculty to develop a topic of interest. A form declaring the agreement must be filed in the departmental office. This course carries university credit, but does not count toward a CSE major or minor. To arrange for CSE major or minor credit for independent study, a student must enroll in CSE 400E instead of CSE 400. Consult also: CSE 400E.",
E81 CSE 400E,Independent Study,"Investigation of a topic in computer science and engineering of mutual interest to the student and a mentor. Interested students are encouraged to approach and engage faculty to develop a topic of interest. A form declaring the agreement must be filed in the departmental office. Credit earned for CSE 400E can be counted toward a student's major or minor program, with the consent of the student's adviser. Consult also: CSE 400.",
E81 CSE 417T,Introduction to Machine Learning,"The field of machine learning is concerned with the question of how to construct computer programs that automatically improve with experience. This course is a broad introduction to machine learning, covering the foundations of supervised learning and important supervised learning algorithms. Topics to be covered are the theory of generalization (including VC-dimension, the bias-variance trade-off, validation and regularization) and linear and nonlinear learning models (including linear and logistic regression, decision trees, ensemble methods, neural networks, nearest-neighbor methods, and support vector machines). Prerequisites: CSE 347 (can be taken concurrently), ESE 326 (or Math 3200), Math 233, and Math 309 (can be taken concurrently).",
E81 CSE 422S ,Operating Systems Organization,"Exploration of operating systems as managers of shared resources. Students study algorithms and data structures that support essential operating systems services. Concepts are reinforced through programming exercises and comparative studies. Topics include: proportional sharing and real-time scheduling of processes and threads, I/O facilities, memory management, virtual memory, device management, concurrent programming, and file system organization. Prerequisite: CSE 361S.",
E81 CSE 425S ,Programming Systems and Languages,"A systematic study of the principles, concepts and mechanisms of computer programming languages: their syntax, semantics and pragmatics; the processing and interpretation of computer programs; programming paradigms; and language design. Illustrative examples are selected from a variety of programming language paradigms. Prerequisites: CSE 332S.",
E81 CSE 427S ,Cloud Computing with Big Data Applications,"This course provides a comprehensive introduction to applied parallel computing using the MapReduce programming model facilitating large-scale data management and processing. There will be an emphasis on hands-on experience working with the Hadoop architecture, an open-source software framework written in Java for distributed storage and processing of very large data sets on computer clusters. Further, we will make use of related big data technologies from the Hadoop ecosystem of tools, such as Hive, Impala, and Pig in developing analytics and solving problems faced by enterprises today. Prerequisites: CSE 247, CSE 131 (or solid background in programming with Java), CSE 247, and CSE 330.",
E81 CSE 431S ,Translation of Computer Languages,,
"The theory of language recognition and translation is introduced in support of compiler construction for modern programming languages. Topics include syntactic and semantic analysis, symbol table management, code generation, and runtime libraries. A variety of parsing methods is covered, including top-down and bottom-up. Machine problems culminate in the course project, for which students construct a working compiler. Prerequisites: CSE 240 and CSE 247.",,,
Credit 3 units. EN: TU,,,
E81 CSE 432S Pattern-Oriented Software Design and Development,,,
"Intensive focus on design and implementation of software using design patterns. Particular emphasis on successive refinement based on identification of unresolved design forces at each step of the design process, and on application of patterns to guide design refinement. Design implementations are conducted in Java and C++ in a team setting, with weekly presentations and critiques of design and implementation decisions and outcomes throughout the course. Prerequisites: CSE 332S or graduate standing, and proficiency in Java and C++ software development.",,,
Credit 3 units. EN: TU,,,
E81 CSE 437S Software Engineering Workshop,,,
"An introduction and exploration of concepts and issues related to large-scale software systems development. Areas of exploration include technical complexities, organization issues, and communication techniques for large-scale development. Students participate through teams emulating industrial development. The projects cover the principal system development life-cycle phases from requirements analysis, to software design, and to final implementation. Issues relating to real-time control systems, human factors, reliability, performance, operating costs, maintainability and others are addressed and resolved in a reasonable manner. Prerequisite: junior or senior standing.",,,
Credit 3 units. EN: TU,,,
E81 CSE 438S Mobile Application Development,,,
"Learn how to create iOS apps in the Swift programming language. This course covers a variety of topics in the development of modern mobile applications, with a focus on hands-on projects. Students will create multiple fully-functional apps from scratch. The course emphasizes object-oriented design patterns and real-world development techniques. Time is provided at the end of the course for students to work on a project of the their own interest. Prerequisites: CSE 247.",,,
Credit 3 units. EN: TU,,,
E81 CSE 450A Video Game Programming,,,
"This course teaches the core aspects of a video game developer's toolkit. Students work in groups and with a large game software engine to create and playtest a full-featured video game. Students will explore topics around the design of games through analysis of current games. Students have the opportunity to explore additional topics including graphics, artificial intelligence, networking, physics, and user interface design through their game project. Prerequisite: CSE 3xxS or 4xxS.",,,
Credit 3 units. EN: TU,,,
E81 CSE 452A Computer Graphics,,,
"Introduction to computer graphics. The course covers fundamental concepts, data structures and algorithms related to the construction, display and manipulation of three-dimensional objects. Topics include scan-conversion, basic image processing, transformations, scene graphs, camera projections, local and global rendering, fractals, and parametric curves and surfaces. Students develop interactive graphics programs using C++ language. Prerequisites: CSE 332S and Math 309.",,,
Credit 3 units. EN: TU,,,
E81 CSE 460T Switching Theory,,,
"Advanced topics in switching theory as employed in the synthesis, analysis and design of information processing systems. Combinational techniques: minimization, multiple output networks, state identification and fault detection, hazards, testability and design for test are examined. Sequential techniques: synchronous circuits, machine minimization, optimal state assignment, asynchronous circuits, and built-in self-test techniques. Prerequisite: CSE 260M.",,,
Credit 3 units. EN: TU,,,
E81 CSE 462M Computer Systems Design,,,
"Introduction to modern design practices, including the use of FPGA design methodologies. Students use a commercial CAE/CAD system for VHDL-based design and simulation while designing a selected computation system. Prerequisites: CSE 361S and CSE 362M.",,,
Credit 3 units. EN: TU,,,
E81 CSE 465M Digital Systems Laboratory,,,
"Hardware/software co-design; processor interfacing; procedures for reliable digital design, both combinational and sequential; understanding manufacturers' specifications; use of test equipment. Several single-period laboratory exercises, several design projects, and application of microprocessors in digital design. One lecture and one laboratory period a week. Prerequisites: CSE 260M and CSE 361S.",,,
Same as E35 ESE 465,,,
Credit 3 units. EN: TU,,,
E81 CSE 467S Embedded Computing Systems,,,
"Introduces the issues, challenges and methods for designing embedded computing systems ¡ª systems designed to serve a particular application, which incorporate the use of digital processing devices. Examples of embedded systems include PDAs, cellular phones, appliances, game consoles, automobiles and iPod. Emphasis is given to aspects of design that are distinct to embedded systems. The course examines hardware, software and system-level design. Hardware topics include microcontrollers, digital signal processors, memory hierarchy and I/O. Software issues include languages, run-time environments and program analysis. System-level topics include real-time operating systems, scheduling, power management and wireless sensor networks. Students perform a course project on a real wireless sensor network testbed. Prerequisite: CSE 361S.",,,
Credit 3 units. EN: TU,,,
E81 CSE 473S Introduction to Computer Networks,,,
"A broad overview of computer networking. Topics include history, protocols, Hyper Text Transfer Protocol (HTTP), File Transfer Protocol (FTP), Simple Mail Transfer Protocol (SMTP), Domain Name System (DNS), peer-to-peer (P2P), transport layer design issues, transport layer protocols, Transmission Control Protocol (TCP), User Datagram Protocol (UDP), TCP congestion control, network layer, Internet Protocol version 4 (IPv4), Internet Control Message Protocol (ICMP), Internet Protocol version 6 (IPv6), routing algorithms, routing protocols, Open Shortest Path First (OSPF), Routing Information Protocol (RIP), Border Gateway Protocol (BGP), datalink layer and local area networks carrier sense multiple access with collision detection (CSMA/CD), Ethernet, virtual local area networks (VLANs), Point-to-Point Protocol (PPP), Multi-Protocol Label Switching, wireless and mobile networks, multimedia networking, security in computer networks, cryptography, and network management. Prerequisites: CSE 132 and 247.",,,
Credit 3 units. EN: TU,,,
E81 CSE 483M Introduction to Electronic Instrumentation Design,,,
"This course covers the principles underlying the design of electronic instrumentation systems. As a case study we will design and analyze a complete instrumentation amplifier integrated circuit and discuss topics related to signal conditioning, amplification, filtering, biasing, data conversion, interface design, mixed-signal layout and mixed-signal simulation. Students are expected to work with state-of-the-art circuit simulation and layout tools for their homework and project assignments. Prerequisites: CSE 260 and ESE 232.",,,
Credit 3 units. EN: TU,,,
E81 CSE 497 Senior Project I,,,
"Implementation of a substantive project on an individual basis, involving one or more major areas in computer science. Problems pursued under this framework may be predominantly analytical, involving exploration and extension of theoretical structures, or may pivot around the design/development of solutions for particular applications drawn from areas throughout the University and/or community. In either case, the project serves as a focal point for crystallizing the concepts, techniques and methodologies encountered throughout the curriculum. Students intending to take CSE 497-498 must submit a project proposal for approval by the department during the spring semester of the junior year. Prerequisite: senior standing.",,,
Credit 3 units.,,,
E81 CSE 498 Senior Project II,,,
"Implementation of a substantive project on an individual basis, involving one or more major areas in computer science. Problems pursued under this framework may be predominantly analytical, involving exploration and extension of theoretical structures, or may pivot around the design/development of solutions for particular applications drawn from areas throughout the University and/or community. In either case, the project serves as a focal point for crystallizing the concepts, techniques and methodologies encountered throughout the curriculum. Students intending to take CSE 497-498 must submit a project proposal for approval by the department during the spring semester of the junior year. Prerequisite: senior standing.",,,
Credit 3 units.,,,
E81 CSE 499 Undergraduate Honors Thesis,,,
"Working closely with a faculty member, the student investigates an original idea (algorithm, model technique, etc.), including a study of its possible implications, its potential application and its relationship to previous related work reported in the literature. Contributions and results from this investigation are synthesized and compiled into a publication-quality research paper presenting the new idea. Prerequisites: a strong academic record and permission of instructor.",,,
Credit 3 units.,,,
E81 CSE 500 Independent Study,,,
"Credit variable, maximum 3 units.",,,
E81 CSE 501N Programming Concepts and Practice,,,
"An introduction to software concepts and implementation, emphasizing problem solving through abstraction and decomposition. Introduces processes and algorithms, procedural abstraction, data abstraction, encapsulation, and object-oriented programming. Recursion, iteration, and simple data structures are covered. Concepts and skills are mastered through programming projects, many of which employ graphics to enhance conceptual understanding. Java, an object-oriented programming language, is the vehicle of exploration. Active-learning sessions are conducted in a studio setting in which students interact with each other and the professor to solve problems collaboratively. Prerequisites: Comfort with algebra and geometry at the high school level is assumed. Patience, good planning, and organization will promote success. This course assumes no prior experience with programming.",,,
Same as E81 CSE 131,,,
Credit 3 units. BU: SCI EN: TU,,,
E81 CSE 502N Fundamentals of Computer Science,,,
"Study of fundamental algorithms, data structures, and their effective use in a variety of applications. Emphasizes importance of data structure choice and implementation for obtaining the most efficient algorithm for solving a given problem. A key component of this course is worst-case asymptotic analysis, which provides a quick and simple method for determining the scalability and effectiveness of an algorithm. Prerequisite: CSE 240.",,,
Same as E81 CSE 247,,,
Credit 3 units. EN: TU,,,
E81 CSE 503S Rapid Prototype Development and Creative Programming,,,
"This course uses web development as a vehicle for developing skills in rapid prototyping. Students acquire the skills to build a Linux web server in Apache, to write a website from scratch in PHP, to run an SQL database, to perform scripting in Python, to employ the AngularJS web framework, and to develop modern web applications in client-side and server-side JavaScript. The course culminates with a creative project in which students are able to synthesize the course material into a project of their own interest. The course implements an interactive studio format: After a formal presentation of a topic, students develop a related project under the supervision of the instructor. Prerequisite: CSE 131.",,,
Same as E81 CSE 330S,,,
Credit 3 units. EN: TU,,,
E81 CSE 504N Object-Oriented Software Development Laboratory,,,
"Intensive focus on practical aspects of designing, implementing and debugging software, using object-oriented, procedural, and generic programming techniques. The course emphasizes familiarity and proficiency with a wide range of C++ language features through hands-on practice completing studio exercises and lab assignments, supplemented with readings and summary presentations for each session. Prerequisites: CSE 247.",,,
Same as E81 CSE 332S,,,
Credit 3 units. EN: TU,,,
E81 CSE 505N Introduction to Digital Logic and Computer Design,,,
"Introduction to design methods for digital logic and fundamentals of computer architecture. Boolean algebra and logic minimization techniques; sources of delay in combinational circuits and effect on circuit performance; survey of common combinational circuit components; sequential circuit design and analysis; timing analysis of sequential circuits; use of computer-aided design tools for digital logic design (schematic capture, hardware description languages, simulation); design of simple processors and memory subsystems; program execution in simple processors; basic techniques for enhancing processor performance; configurable logic devices. Prerequisite: CSE 131.",,,
Same as E81 CSE 260M,,,
Credit 3 units. EN: TU,,,
E81 CSE 506M Principle and Methods of Micro- and Nanofabrication,,,
"A hands-on introduction to the fundamentals of micro- and nanofabrication processes with emphasis on cleanroom practices. The physical principles of oxidation, optical lithography, thin film deposition, etching and metrology methods will be discussed, demonstrated and practiced. Students will be trained in cleanroom concepts and safety protocols. Sequential microfabrication processes involved in the manufacture of microelectronic and photonic devices will be shown. Training in imaging and characterization of micro- and nanostructures will be provided. Prerequisites: graduate or senior standing or permission of the instructor.",,,
Same as E37 MEMS 5611,,,
Credit 3 units. EN: TU,,,
,,,
,,,
E81 CSE 507A Technology Entrepreneurship,,,
"This is a course for students who plan to be, or work with, entrepreneurs. An entrepreneurial mindset is needed to create or grow economically viable enterprises, be they new companies, new groups within companies, or new university laboratories. This course aims to cultivate an entrepreneurial perspective with particular emphasis on information technology-related activities. The course is jointly offered for business and CSE students, allowing for acculturation between these disciplines. In addition to an introductory treatment of business and technology fundamentals, course topics include: business ethics, opportunity assessment, team formation, financing, intellectual property and university technology transfer. The course features significant participant and guest instruction from experienced practitioners. Prerequisites: none.",,,
Credit 3 units.,,,
,,,
,,,
E81 CSE 511A Introduction to Artificial Intelligence,,,
"The discipline of artificial intelligence (AI) is concerned with building systems that think and act like humans or rationally on some absolute scale. This course is an introduction to the field, with special emphasis on sound modern methods. The topics include knowledge representation, problem solving via search, game playing, logical and probabilistic reasoning, planning, dynamic programming, and reinforcement learning. Programming exercises concretize the key methods. The course targets graduate students and advanced undergraduates. Evaluation is based on written and programming assignments, a midterm exam and a final exam. Prerequisites: CSE 347, ESE 326, Math 233.",,,
Credit 3 units.,,,
,,,
,,,
E81 CSE 513T Theory of Artificial Intelligence and Machine Learning,,,
"Mathematical foundations for Artificial Intelligence and Machine Learning. An introduction to the PAC-Semantics (""Probably Approximately Correct"") as a common semantics for knowledge obtained from learning and declarative sources, and the computational problems underlying the acquisition and processing of such knowledge. We emphasize the design and analysis of efficient algorithms for these problems, and examine for which representations these problems are known or believed to be tractable. Prerequisite: CSE 347.",,,
Credit 3 units. EN: TU,,,
,,,
,,,
E81 CSE 514A Data Mining,,,
"With the vast advancement in science and technology, data acquisition in large quantities are routinely done in many fields. Examples of large data include various types of data on the internet, high-throughput sequencing data in biology and medicine, extraterrestrial data from telescopes in astronomy, and images from surveillance cameras in security. Mining a large amount of data through data mining has become an effective means to extracting knowledge from data. This course introduces the basic concepts and methods for data mining and provides hands-on experience for processing, analyzing and modeling structured and unstructured data. Homework problems, exams and programming assignments will be administrated throughout the course to enhance learning. Prerequisites: CSE 247 and ESE 326 (or Math 320) or their equivalent, or permission of the instructor.",,,
Credit 3 units. EN: TU,,,
,,,
,,,
E81 CSE 515T Bayesian Methods in Machine Learning,,,
"This course will cover machine learning from a Bayesian probabilistic perspective. Bayesian probability allows us to model and reason about all types of uncertainty. The result is a powerful, consistent framework for approaching many problems that arise in machine learning, including parameter estimation, model comparison, and decision making. We will begin with a high-level introduction to Bayesian inference, then proceed to cover more-advanced topics. These will include inference techniques (exact, MAP, sampling methods, the Laplace approximation, etc.), Bayesian decision theory, Bayesian model comparison, Bayesian nonparametrics, and Bayesian optimization. Prerequisites: CSE 417T, ESE 326.",,,
Credit 3 units. EN: TU,,,
,,,
,,,
E81 CSE 516A Multi-Agent Systems,,,
"This course introduces the fundamental techniques and concepts needed to study multi-agent systems, in which multiple autonomous entities with different information sets and goals interact. We will study algorithmic, mathematical, and game-theoretic foundations, and how these foundations can help us understand and design systems ranging from robot teams to online markets to social computing platforms. Topics covered may include game theory, distributed optimization, multi-agent learning and decision-making, preference elicitation and aggregation, mechanism design, and incentives in social computing systems. Prerequisites: CSE 347 (may be taken concurrently), ESE 326 (or Math 3200), and Math 233 or equivalents, or permission of instructor. Some prior exposure to artificial intelligence, machine learning, game theory, and microeconomics may be helpful, but is not required.",,,
Credit 3 units. EN: TU,,,
,,,
,,,
E81 CSE 517A Machine Learning,,,
"This course assumes a basic understanding of machine learning and covers advanced topics at the frontier of the field in-depth. Topics to be covered include kernel methods (support vector machines, Gaussian processes), neural networks (deep learning), and unsupervised learning. Depending on developments in the field, the course will also cover some advanced topics, which may include learning from structured data, active learning, and practical machine learning (feature selection, dimensionality reduction). Prerequisites: CSE 247, CSE 417T, ESE 326, Math 233 and Math 309. The instructor will hold a take-home placement exam (on basic mathematical knowledge) for all students currently enrolled and on the waitlist. The exam will be due on the first day of class. Only students who pass the placement exam will be enrolled in the course.",,,
Credit 3 units. EN: TU,,,
,,,
,,,
E81 CSE 519T Advanced Machine Learning,,,
"This course provides a close look at advanced machine learning algorithms ¡ª their theoretical guarantees (computational learning theory) and tricks to make them work in practice. In addition, this course focuses on more specialized learning settings, including unsupervised learning, semi-supervised learning, domain adaptation, multi-task learning, structured prediction, metric learning and learning of data representations. Learning approaches may include graphical models, non-parametric Bayesian statistics, and technical topics such as sampling, approximate inference and non-linear function optimization. Mathematical maturity and general familiarity of machine learning is required. Prerequisites: CSE 517A or 511A or 7100.",,,
Credit 3 units. EN: TU,,,
,,,
,,,
E81 CSE 520S Real-Time Systems,,,
"This course covers software systems and network technologies for real-time applications such as automobiles, avionics, industrial automation and Internet of Things. Topics include real-time scheduling, real-time operating systems and middleware, Quality of Service, industrial networks and real-time cloud computing. Prerequisite: CSE 422S.",,,
Credit 3 units. EN: TU,,,
,,,
,,,
E81 CSE 521S Wireless Sensor Networks,,,
"Dense collections of smart sensors networked to form self-configuring pervasive computing systems provide a basis for a new computing paradigm that challenges many classical approaches to distributed computing. Naming, wireless networking protocols, data management and approaches to dependability, real-time, security and middleware services all fundamentally change when confronted with this new environment. Embedded sensor networks and pervasive computing are among the most exciting research areas with many open research questions. This class studies a large number of research papers that deal with various aspects of wireless sensor networks. Students perform a project on a real wireless sensor network composed of tiny devices each consisting of sensors, a radio transceiver and a microcontroller. Prerequisite: CSE 422S.",,,
Credit 3 units. EN: TU,,,
,,,
,,,
E81 CSE 522S Advanced Operating Systems,,,
"This course explores core OS abstractions, mechanisms and policies and how they impact support for general purpose, embedded and real-time operating environments. How to evaluate, modify and optimize the use of kernel-level resources is covered hands-on and in detail, including CPU and I/O scheduling, memory management, and interprocess communication. Prerequisite: CSE 422S.",,,
Credit 3 units. EN: TU,,,
,,,
,,,
E81 CSE 523S Systems Security,,,
"This course examines the intersection between computer design and information security. While performance and efficiency in digital systems have improved markedly in recent decades, computer security has worsened overall in this time frame. To understand why, we will explore the role that design choices play in the security characteristics of modern computer and network systems. Students will use and write software to illustrate mastery of the material. Projects will include identifying security vulnerabilities, exploiting vulnerabilities, and detecting and defending against exploits. Prerequisite: CSE 361S.",,,
Credit 3 units. EN: TU,,,
,,,
,,,
E81 CSE 530S Database Management Systems,,,
"A study of data models and the database management systems that support these data models. The design theory for databases is developed and various tools are utilized to apply the theory. General query languages are studied and techniques for query optimization are investigated. Integrity and security requirements are studied in the context of concurrent operations on a database, where the database may be distributed over one or more locations. The unique requirements for engineering design databases, image databases, and long transaction systems are analyzed. Prerequisite: CSE 247.",,,
Credit 3 units.,,,
,,,
,,,
E81 CSE 531S Theory of Compiling and Language Translation,,,
"Algorithms and intermediate representations for automatic program analysis are examined, with an emphasis on practical methods and efficient engineering of program optimization and transformations. The course includes a thorough treatment of monotone data flow frameworks: a mathematical model in which most optimization problems can be specified and solved. The course primarily covers optimizations that are applicable to any target architecture; however, optimizations specific to parallel, distributed and storage-hierarchical systems also are discussed. Prerequisite: CSE 431S or CSE 425S.",,,
Credit 3 units. EN: TU,,,
,,,
,,,
E81 CSE 532S Advanced Multiparadigm Software Development,,,
Intensive focus on advanced design and implementation of concurrent and distributed system software in C++. Topics covered include C++11 concurrency and synchronization features and software architecture patterns. Prerequisites: CSE 332S/CSE 504N or graduate standing and strong familiarity with C++; and CSE 422S or CSE 522S.,,,
Credit 3 units. EN: TU,,,
,,,
,,,
E81 CSE 536S Distributed System Design: Models and Languages,,,
"Modern computing environments are highly distributed. This has been the result of major advances in networking technology and their rapid assimilation by a society that functions in a highly distributed and decentralized manner. The goal of this course is to familiarize students with basic concepts, models and languages that shaped recent developments in distributed computing. The focus is on exploring new ways of thinking about computing and communication that made the development of distributed software systems possible. Competing concepts and design strategies will be examined both from a theoretical and a practical perspective. Prerequisites: CSE 240 and CSE 247.",,,
Credit 3 units. EN: TU,,,
,,,
,,,
E81 CSE 538T Modeling and Performance Evaluation of Interconnected Computer Systems,,,
"Modern computing systems consist of multiple interconnected components, which all influence performance. The focus of this course is on developing modeling tools aimed at understanding how to design and provision such systems to meet certain performance or efficiency targets, and the trade-offs involved. The course covers Markov chains and their applications to simple queues, and proceeds to explore more complex systems including server farms and how to optimize their performance through scheduling and task assignment policies. The course includes a brief review of the necessary probability and mathematical concepts. Prerequisite: ESE 326.",,,
Credit 3 units. EN: TU,,,
,,,
,,,
E81 CSE 539S Concepts in Multicore Computing,,,
"Nowadays, the vast majority of computer systems are built using multicore processor chips. This fundamental shift in hardware design impacts all areas of computer science ¡ª one must write parallel programs in order to unlock the computational power provided by modern hardware.The goal of this course is to study concepts in multicore computing. We will examine the implications of the multicore hardware design, discuss challenges in writing high performance software, and study emerging technologies relevant to developing software for multicore systems. Topics include memory hierarchy, cache coherence protocol, memory models, scheduling, high-level parallel language models, concurrent programming (synchronization and concurrent data structures), algorithms for debugging parallel software, and performance analysis. Prerequisites: CSE 332S and CSE 361S.",,,
Credit 3 units. EN: TU,,,
,,,
,,,
E81 CSE 541T Advanced Algorithms,,,
"Provides a broad coverage of fundamental algorithm design techniques with the focus on developing efficient algorithms for solving combinatorial and optimization problems. The topics covered include: greedy algorithms, dynamic programming, linear programming, NP-completeness, approximation algorithms, lower bound techniques, and on-line algorithms. Throughout this course there is an emphasis on correctness proofs and the ability to apply the techniques taught to design efficient algorithms for problems from a wide variety of application areas. Prerequisites: CSE 247 and 347.",,,
Credit 3 units. EN: TU,,,
,,,
,,,
E81 CSE 542T Advanced Data Structures and Algorithms,,,
"This course is concerned with the design and analysis of efficient algorithms, focusing principally on algorithms for combinatorial optimization problems. A key element in the course is the role of data structures in algorithm design and the use of amortized complexity analysis to determine how data structures affect performance. The course is organized around a set of core problems and algorithms, including the classical network optimization algorithms, as well as newer and more efficient algorithms. This core is supplemented by algorithms selected from the recent technical literature. Prerequisite: CSE 247.",,,
Credit 3 units.,,,
,,,
,,,
E81 CSE 543T Algorithms for Nonlinear Optimization,,,
"The course will provide an in-depth coverage of modern algorithms for the numerical solution of multidimensional optimization problems. Unconstrained optimization techniques including Gradient methods, Newton's methods, Quasi-Newton methods, and conjugate methods will be introduced. The emphasis is on constrained optimization techniques: Lagrange theory, Lagrangian methods, penalty methods, sequential quadratic programming, primal-dual methods, duality theory, nondifferentiable dual methods, and decomposition methods. The course will also discuss applications in engineering systems and use of state-of-the-art computer codes. Special topics may include large-scale systems, parallel optimization, and convex optimization. Prerequisites: Calculus I and Math 309.",,,
Credit 3 units.,,,
,,,
,,,
E81 CSE 544T Special Topics in Computer Science Theory,,,
"Cake-cutting algorithms consider the division of resources among a set of participants such that the recipients believe they have been treated fairly. In some cases, a given resource can be divided without loss of value, while in other cases, dividing a resource may lessen its value, perhaps significantly. Notions of fairness include proportionality, envy-freeness and equitability. This course is organized around a rich set of fair-division problems, studying the correctness, complexity, and applicability of algorithms for solving such problems. The problems and algorithms studied span millennia and include recent technical literature.",,,
Credit 3 units.,,,
,,,
,,,
E81 CSE 546T Computational Geometry,,,
"Computational geometry is the algorithmic study of problems that involve geometric shapes such as points, lines and polygons. Such problems appear in computer graphics, vision, robotics, animation, visualization, molecular biology, and geographic information systems. This course covers data structures that are unique to geometric computing, such as convex hull, Voronoi diagram, Delaunay triangulation, arrangement, range searching, KD-trees, and segment trees. Also covered are algorithms for polygon triangulation, shortest paths, the post office problem, and the art gallery problem. Prerequisite: CSE 247.",,,
Credit 3 units.,,,
,,,
,,,
E81 CSE 547T Introduction to Formal Languages and Automata,,,
"An introduction to the theory of computation, with emphasis on the relationship between formal models of computation and the computational problems solvable by those models. Specifically, this course covers finite automata and regular languages; Turing machines and computability; and basic measures of computational complexity and the corresponding complexity classes. Prerequisites: CSE 247.",,,
Credit 3 units.,,,
,,,
,,,
E81 CSE 548T Concurrent Systems: Design and Verification,,,
"Formerly CSE 563T. Concurrency presents programmers with unprecedented complexity further exacerbated by our limited ability to reason about concurrent computations. Yet, concurrent algorithms are central to the development of software executing on modern multiprocessors or across computer networks. This course reviews several important classes of concurrent algorithms and presents a formal method for specifying, reasoning about, verifying, and deriving concurrent algorithms. The selected algorithms are judged to have made significant contributions to our understanding of concurrency. Rigorous treatment of the design and programming process is emphasized. Students entering this course must be familiar with predicate calculus and sequential algorithms. Upon completion of this course students will be able to reason completely formally about small concurrent programs and to apply systematically and correctly their formal skills to larger problems. Prerequisite: CSE 247.",,,
Credit 3 units.,,,
,,,
,,,
E81 CSE 549T Theory of Parallel Systems,,,
"The course covers various aspects of parallel programming such as algorithms, schedulers and systems from a theoretical perspective. We will cover both classic and recent results in parallel computing. Topics include parallel algorithms and analysis in the work/span model, scheduling algorithms, external memory algorithms and their analysis, cache-coherence protocols, etc. The focus will be on design and analysis. Prerequisite: CSE 247.",,,
Credit 3 units. EN: TU,,,
,,,
,,,
E81 CSE 552A Advanced Computer Graphics,,,
"This course covers advanced topics in graphics in the areas of modeling, rendering, volume rendering, image-based rendering and image processing. Topics include, but are not limited to, subdivision surfaces, splines, mesh simplification, implicit or blobby modeling, radiosity, procedural textures, filtering, BRDFs and procedural modeling. The class has several structured programming assignments and an optional final group project. Students are exposed to the wide variety of techniques available in graphics and also pick one area to study in depth. Prerequisites: CSE 332S and CSE 452A.",,,
Credit 3 units. EN: TU,,,
,,,
,,,
E81 CSE 553S Advanced Mobile Robotics,,,
"This course covers advanced topics from the theory and practice of mobile robotics. Students read, present and discuss papers from the current research literature. There is a substantial programming project, in which students implement and test ideas from the current research literature on one of the department's research robot platforms. Prerequisites: CSE 550A and strong programming skills (preferably in C++).",,,
Credit 3 units. EN: TU,,,
,,,
,,,
E81 CSE 554A Geometric Computing for Biomedicine,,,
"With the advance of imaging technologies deployed in medicine, engineering and science, there is a rapidly increasing amount of spatial data sets (images, volumes, point clouds, etc.) that need to be processed, visualized and analyzed. This course will focus on a number of geometry-related computing problems that are essential in the knowledge discovery process in various spatial-data-driven biomedical applications. These problems include visualization, segmentation, mesh construction and processing, shape representation and analysis. The course consists of lectures that cover theories and algorithms, and a series of hands-on programming projects using real-world data collected by various imaging techniques (CT, MRI, electron cryo-microscopy, etc.). Prerequisites: CSE 247 and CSE 332 or approval by instructor.",,,
Credit 3 units. EN: TU,,,
,,,
,,,
E81 CSE 555A Computational Photography,,,
"Computational Photography describes the convergence of computer graphics, computer vision, and the internet with photography. Its goal is to overcome the limitations of traditional photography using computational techniques to enhance the way we capture, manipulate and interact with visual media. In this course we study many interesting, recent image-based algorithms and implement them to the degree that is possible. Topics may include: cameras and image formation, human visual perception, image processing (filtering, pyramids), image blending and compositing, image retargeting, texture synthesis and transfer, image completion/inpainting, super-resolution, deblurring, denoising, image-based lighting and rendering, high dynamic range, depth and defocus, flash/no flash photography, coded aperture photography, single/multiview reconstruction, photo quality assessment, non photorealistic rendering, modeling and synthesis using internet data, and others. Prerequisites: CSE 452A, CSE 554A, or CSE 559A. Permission of instructor required to enroll.",,,
Credit 3 units. EN: TU,,,
,,,
,,,
E81 CSE 556A Human-Computer Interaction Methods,,,
"An introduction to user centered design processes. The course covers a variety of HCI techniques for use at different stages in the software development cycle, including techniques that can be used with and without users. Students will gain experience using these techniques through in-class exercises and then apply them in greater depth through a semester long interface development project. Students who enroll in this course are expected to be comfortable with building user interfaces in at least one framework and be willing to learn whatever framework is most appropriate for their project. Over the course of the semester, students will be expected to present their interface evaluation results through written reports and in class presentations. Prerequisites: 3xxS or 4xxS.",,,
Credit 3 units. EN: TU,,,
,,,
,,,
E81 CSE 557A Information Visualization,,,
"We are in an era where it is possible to have all of the world's information at our fingertips. However, the more information we can access, the more difficult it is to obtain a holistic view of the data or to determine what's important to make decisions. Computer-based visualization systems provide the opportunity to represent large and/or complex data visually to aid comprehension and cognition. In this course, we study the principles for transforming abstract data into effective information visualizations. We learn about the state-of-the-art in visualization research and development, and we gain hands-on experience with designing and developing information visualizations. We also learn how to critique existing visualizations and how to evaluate the systems we build. Readings will include current research papers from the Information Visualization community. Prerequisite: permission of professor (this may change in subsequent semesters).",,,
Credit 3 units. EN: TU,,,
,,,
,,,
E81 CSE 558A Motion Planning,,,
"This course studies the general motion planning problem: computing a sequence of motions that transforms a given (initial) arrangement of physical objects to another (goal) arrangement of those objects. Many motion planning methods were developed in the realm of robotics research. For example, a typical problem might be to find a sequence of motions (called a path) to move a robot from one position to another without colliding with any objects in its workspace. However, the general motion planning problem that will be studied arises in many other application domains as well. For example, assembly planning (e.g., finding a valid order for adding the parts when building an engine), mechanical CAD studies (e.g., can you remove a certain part from an engine without taking the engine apart), artificial life simulations (e.g., moving a herd of animals from one location to another), and medicine (e.g., can a drug molecule reach a protein molecule). Prerequisite: CSE 247.",,,
Credit 3 units. EN: TU,,,
,,,
,,,
E81 CSE 559A Computer Vision,,,
"Computer vision is the process of automatically extracting information from images and video. This course covers imaging geometry (camera calibration, stereo, and panoramic image stitching), and algorithms for video surveillance (motion detection and tracking), segmentation and object recognition. Final projects for the course will explore challenges in analysis of real-world data. Students with non-standard backgrounds (such as video art, or the use of imaging in physics and biology) are encouraged to contact the instructor. Prerequisites: CSE 247 and linear algebra.",,,
Credit 3 units. EN: TU,,,
,,,
,,,
E81 CSE 560M Computer Systems Architecture I,,,
"An exploration of the central issues in computer architecture: instruction set design, addressing and register set design, control unit design, microprogramming, memory hierarchies (cache and main memories, mass storage, virtual memory), pipelining, and bus organization. The course emphasizes understanding the performance implications of design choices, using architecture modeling and evaluation using VHDL and/or instruction set simulation. Prerequisites: CSE 361S and CSE 260M.",,,
Credit 3 units. EN: TU,,,
,,,
,,,
E81 CSE 561M Computer Systems Architecture II,,,
"Advanced techniques in computer system design. Selected topics from: processor and system-on-chip design (multicore organization, system-level integration), run-time systems, memory systems (topics in locality and special-purpose memories), I/O subsystems and devices, systems security, and power considerations. Prerequisite: CSE 560M or permission of instructor.",,,
Credit 3 units. EN: TU,,,
,,,
,,,
E81 CSE 564M Advanced Digital Systems Engineering,,,
"This course focuses on advance sensor design. The class covers various basic analog and digital building blocks that are common in most sensor integrated circuits. The class extensively uses state-of-the-art CAD program Cadence to simulate and analyze various circuit blocks. The first half of the course focuses on analyzing various operational amplifiers, analog filters, analog memory and analog to digital converters. The second half of the course focuses on understanding the basic building blocks of imaging sensors. The class has a final project consisting of designing a smart sensor using Cadence tools. Prerequisites: ESE 232 and CSE 362M.",Credit 3 units.,EN: TU,
E81 CSE 565M Acceleration of Algorithms in Reconfigurable Logic,,,
"Reconfigurable logic, in the form of Field-Programmable Gate Arrays (FPGAs), enables the deployment of custom hardware for individual applications. To exploit this capability, the application developer is required to specify the design at the register-transfer level. This course explores techniques for designing algorithms that are amenable to hardware acceleration as well as provides experience in actual implementation. Example applications are drawn from a variety of fields, such as networking, computational biology, etc. Prerequisites: basic digital logic (CSE 260M) and some experience with a hardware description language (e.g., VHDL or Verilog).",,,
Credit 3 units. EN: TU,,,
,,,
,,,
E81 CSE 566S High Performance Computer Systems,,,
"Many applications make substantial performance demands upon the computer systems upon which those applications are deployed. In this context, performance is frequently multidimensional, including resource efficiency, power, execution speed (which can be quantified via elapsed run time, data throughput, or latency), etc. Modern computing platforms exploit parallelism and architectural diversity (e.g., co-processors such as graphics engines and/or reconfigurable logic) to achieve the desired performance goals. This course addresses the practical aspects of achieving high performance on modern computing platforms. This includes questions ranging from how the computing platform is designed to how are applications and algorithms expressed to exploit the platform's properties. Particular attention is given to the role of application development tools. Prerequisite: familiarity with software development in Linux preferred, graduate standing or permission of instructor.",,,
Credit 3 units. EN: TU,,,
,,,
,,,
E81 CSE 567M Computer Systems Analysis,,,
"A comprehensive course on performance analysis techniques. The topics include common mistakes, selection of techniques and metrics, summarizing measured data, comparing systems using random data, simple linear regression models, other regression models, experimental designs, 2**k experimental designs, factorial designs with replication, fractional factorial designs, one factor experiments, two factor full factorial design w/o replications, two factor full factorial designs with replications, general full factorial designs, introduction to queueing theory, analysis of single queues, queueing networks, operational laws, mean-value analysis, time series analysis, heavy tailed distributions, self-similar processes, long-range dependence, random number generation, analysis of simulation results, and art of data presentation. Prerequisites: CSE 131 and CSE 260M.",,,
Credit 3 units. EN: TU,,,
,,,
,,,
E81 CSE 568M Imaging Sensors,,,
This course will cover topics on digital imaging sensors including basic operations of silicon photodetectors; CCD and CMOS passive and active sensor operation; temporal and spatial noise in CMOS sensors; spatial resolution and MTF; SNR and dynamic range; high dynamic range architectures and application specific imaging sensors such as polarization imaging and fluorescent imaging sensors. Prerequisites: CSE 260M and ESE 232.,,,
Credit 3 units.,,,
,,,
,,,
E81 CSE 569M Parallel Architectures and Algorithms,,,
A number of contemporary parallel computer architectures are reviewed and compared. The problems of process synchronization and load balancing in parallel systems are studied. Several selected applications problems are investigated and parallel algorithms for their solution are considered. Selected parallel algorithms are implemented in both a shared memory and distributed memory parallel programming environment. Prerequisites: graduate standing and knowledge of the C programming language.,,,
Credit 3 units. EN: TU,,,
,,,
,,,
E81 CSE 570S Recent Advances in Networking,,,
"This course covers the latest advances in networking. The topics include Networking Trends, Data Center Network Topologies, Data Center Ethernet, Carrier IP, Multi-Protocol Label Switching (MPLS), Carrier Ethernet, Virtual Bridging, LAN Extension and Virtualization using Layer 3 Protocols, Virtual Routing Protocols, Internet of Things (IoT), Datalink Layer and Management Protocols for IoT, Networking Layer Protocols for IoT, 6LoWPAN, RPL, Messaging Protocols for IoT, MQTT, OpenFlow, Software Defined Networking (SDN) Network Function Virtualization (NFV), Big Data, Networking Issues for Big Data, Network Configuration, and Data Modeling, NETCONF, YIN, YANG, BEEP, and UML. Prerequisite: CSE 473S or equivalent.",,,
Credit 3 units. EN: TU,,,
,,,
,,,
E81 CSE 571S Network Security,,,
"A comprehensive treatment of network security. Topics include Security Overview, Classical Encryption Techniques, Block Ciphers and DES, Basic Concepts in Number Theory and Finite Fields, Advanced Encryption Standard (AES), Block Cipher Operations, Pseudo Random Number Generation and Stream Ciphers, Number Theory, Public Key Cryptography, other Public Key Cryptosystems, Cryptographic Hash Functions, Message Authentication Codes, Digital Signatures, Key Management and Distribution, User Authentication Protocols, Network Access Control and Cloud Security, Transport Level Security, Wireless Network Security, Electronic Mail Security, IP Security, Intrusion Detection, and Malicious Software. Prerequisite: CSE 473S.",,,
Credit 3 units. EN: TU,,,
,,,
,,,
E81 CSE 573S Protocols for Computer Networks,,,
"An introduction to the design, performance analysis and implementation of existing and emerging computer network protocols. Protocols include multiple access protocols (e.g., CSMA/CD, token ring), internet, working with the internet protocol (IP), transport protocols (e.g., UDP, TCP), high-speed bulk transfer protocols, and routing protocols (e.g., BGP, OSPF). General topics include error control, flow control, packet switching, mechanisms for reliable, ordered and bounded-time packet delivery, host-network interfacing and protocol implementation models. Substantial programming exercises supplement lecture topics. Prerequisite: CSE 473S or permission of the instructor.",,,
Credit 3 units. EN: TU,,,
,,,
,,,
E81 CSE 574S Wireless and Mobile Networking,,,
"First course in wireless networking providing a comprehensive treatment of wireless data and telecommunication networks. Topics include recent trends in wireless and mobile networking, wireless coding and modulation, wireless signal propagation, IEEE 802.11a/b/g/n/ac wireless local area networks, 60 GHz millimeter wave gigabit wireless networks, vehicular wireless networks, white spaces, IEEE 802.22 regional area networks, Bluetooth and Bluetooth Smart, wireless personal area networks, wireless protocols for Internet of Things, ZigBee, cellular networks: 1G/2G/3G, LTE, LTE-Advanced, and 5G. Prerequisites: CSE 473S or permission of the instructor.",,,
Credit 3 units. EN: TU,,,
,,,
,,,
E81 CSE 577M Design and Analysis of Switching Systems,,,
"Switching is a core technology in a wide variety of communication networks, including the internet, circuit-switched telephone networks and optical fiber transmission networks. The last decade has been a time of rapid development for switching technology in the internet. Backbone routers with 10 Gb/s links and aggregate capacities of hundreds of gigabits per second are becoming common, and advances in technology are now making multi-terabit routers practical. This course is concerned with the design of practical switching systems and evaluation of their performance and complexity. Prerequisites: CSE 247, 473S and ESE 326.",,,
Credit 3 units. EN: TU,,,
,,,
E81 CSE 581T ,Approximation Algorithms,Numerou,EN: TU
E81 CSE 582T ,Complexity Theory,"An introduction to the quantitative theory of computation with limited resources. The course examines the relative power of limited amounts of basic computational resources, such as time, memory, circuit size and random bits, as well as parallel, nondeterministic, alternating and interactive machine models. Models that capture special kinds of computational problems, such as counting problems or approximate solutions, will also be introduced and related to the standard models. This examination will emphasize surprising relationships between seemingly disparate resources and kinds of computational problems. The course will also discuss some meta-theory, illuminating the weaknesses of standard mathematical techniques of the field against its notorious open conjectures. Prerequisites: CSE 347 and mathematical maturity. CSE 547T recommended.",
E81 CSE 583A ,Topics in Computational Molecular Biology,In-depth discussion of problems and methods in computational molecular biology. Each year three topics will be covered and those will change yearly. Prerequisite: Biol 5495 or instructor's consent.,
E81 CSE 584A ,Algorithms for Biosequence Comparison,"This course surveys algorithms for comparing and organizing discrete sequential data, especially nucleic acid and protein sequences. Emphasis is on tools to support search in massive biosequence databases and to perform fundamental comparison tasks such as DNA short-read alignment. These techniques are also of interest for more general string processing and for building and mining textual databases. Algorithms are presented rigorously, including proofs of correctness and running time where feasible. Topics include classical string matching, suffix array string indices, space-efficient string indices, rapid inexact matching by filtering (including BLAST and related tools), and multiple alignment. Students complete written assignments and implement advanced comparison algorithms to address problems in bioinformatics. This course does not require a biology background. Prerequisites: CSE 347, graduate standing, or permission of instructor.",
E81 CSE 587A ,Algorithms for Computational Biology,"This course is a survey of algorithms and mathematical methods in biological sequence analysis (with a strong emphasis on probabilistic methods) and systems biology. Sequence analysis topics include introduction to probability, probabilistic inference in missing data problems, hidden Markov models (HMMs), profile HMMs, sequence alignment, and identification of transcription-factor binding sites. Systems biology topics include discovery of gene regulatory networks, quantitative modeling of gene regulatory networks, synthetic biology, and (in some years) quantitative modeling of metabolism. Prerequisites: CSE 131 or CSE 501N.",
