Stanford,statistics,STATS 32,Introduction to R for Undergraduates,Aut,1,"This short course runs for weeks two through five of the quarter. It is recommended for undergraduate students who want to use R in the linguistics, humanities, social sciences or biological sciences and for students who want to learn the basics of R programming. The goal of the short course is to familiarize students with R's tools for scientific computing. Lectures will be interactive with a focus on learning by example, and assignments will be application-driven. No prior programming experience is needed. Topics covered include basic data structures, File I/O, graphs, control structures, etc, and some useful packages in R. Prerequisite: undergraduate student. Priority given to non-engineering students. Laptops necessary for use in class.",undergraduate student. Priority given to non-engineering students. Laptops necessary for use in class.,,,,
Stanford,statistics,STATS 42Q,Undergraduate Admissions to Selective Universities - a Statistical Perspective,not given this year,2,"The goal is the building of a statistical model, based on applicant data, for predicting admission to selective universities. The model will consider factors such as gender, ethnicity, legacy status, public-private schooling, test scores, effects of early action, and athletics. Common misconceptions and statistical pitfalls are investigated. The applicant data are not those associated with any specific university.",,,,,
Stanford,statistics,STATS 48N,Riding the Data Wave,not given this year,3,"Imagine collecting a bit of your saliva and sending it in to one of the personalized genomics company: for very little money you will get back information about hundreds of thousands of variable sites in your genome. Records of exposure to a variety of chemicals in the areas you have lived are only a few clicks away on the web; as are thousands of studies and informal reports on the effects of different diets, to which you can compare your own. What does this all mean for you? Never before in history humans have recorded so much information about themselves and the world that surrounds them. Nor has this data been so readily available to the lay person. Expression as ""data deluge'' are used to describe such wealth as well as the loss of proper bearings that it often generates. How to summarize all this information in a useful way? How to boil down millions of numbers to just a meaningful few? How to convey the gist of the story in a picture without misleading oversimplifications? To an ",,,,,
Stanford,statistics,STATS 50,Mathematics of Sports (MCS 100),Spr,3,"The use of mathematics, statistics, and probability in the analysis of sports performance, sports records, and strategy. Topics include mathematical analysis of the physics of sports and the determinations of optimal strategies. New diagnostic statistics and strategies for each sport. Corequisite:  STATS 60, 110 or 116.",,,,,
Stanford,statistics,STATS 60,"Introduction to Statistical Methods: Precalculus (PSYCH 10, STATS 160)","Aut, Win, Spr, Sum",5,"Techniques for organizing data, computing, and interpreting measures of central tendency, variability, and association. Estimation, confidence intervals, tests of hypotheses, t-tests, correlation, and regression. Possible topics: analysis of variance and chi-square tests, computer statistical packages.",,,,,
Stanford,statistics,STATS 101,Data Science 101,"Aut, Spr",5,"http://web.stanford.edu/class/stats101/ . This course will provide a hands-on introduction to statistics and data science. Students will engage with the fundamental ideas in inferential and computational thinking. Each week, we will explore a core topic comprising three lectures and two labs (a module), in which students will manipulate real-world data and learn about statistical and computational tools. Students will engage in statistical computing and visualization with current data analytic software (Jupyter, R). The objectives of this course are to have students (1) be able to connect data to underlying phenomena and to think critically about conclusions drawn from data analysis, and (2) be knowledgeable about programming abstractions so that they can later design their own computational inferential procedures. No programming or statistical background is assumed. Freshmen and sophomores interested in data science, computing and statistics are encouraged to attend. Open to graduates as well.",,,,,
Stanford,statistics,STATS 110,Statistical Methods in Engineering and the Physical Sciences,"Aut, Sum",4-5,"Introduction to statistics for engineers and physical scientists. Topics: descriptive statistics, probability, interval estimation, tests of hypotheses, nonparametric methods, linear regression, analysis of variance, elementary experimental design. Prerequisite: one year of calculus.",one year of calculus.,,,,
Stanford,statistics,STATS 116,Theory of Probability,"Aut, Spr, Sum",3-5,"Probability spaces as models for phenomena with statistical regularity. Discrete spaces (binomial, hypergeometric, Poisson). Continuous spaces (normal, exponential) and densities. Random variables, expectation, independence, conditional probability. Introduction to the laws of large numbers and central limit theorem. Prerequisites:  MATH 52 and familiarity with infinite series, or equivalent.",,,,,
Stanford,statistics,STATS 141,Biostatistics (BIO 141),Win,3-5,Introductory statistical methods for biological data: describing data (numerical and graphical summaries); introduction to probability; and statistical inference (hypothesis tests and confidence intervals). Intermediate statistical methods: comparing groups (analysis of variance); analyzing associations (linear and logistic regression); and methods for categorical data (contingency tables and odds ratio). Course content integrated with statistical computing in R.,,,,,
Stanford,statistics,STATS 155,Statistical Methods in Computational Genetics,not given this year,3,"The computational methods necessary for the construction and evaluation of sequence alignments and phylogenies built from molecular data and genetic data such as micro-arrays and data base searches. How to formulate biological problems in an algorithmic decomposed form, and building blocks common to many problems such as Markovian models, multivariate analyses. Some software covered in labs (Python, Biopython, XGobi, MrBayes, HMMER, Probe). Prerequisites: knowledge of probability equivalent to  STATS 116,  STATS 202 and one class in computing at the  CS 106 level. Writing intensive course for undergraduates only. Instructor consent required. (WIM)",,,,,
Stanford,statistics,STATS 160,"Introduction to Statistical Methods: Precalculus (PSYCH 10, STATS 60)","Aut, Win, Spr, Sum",5,"Techniques for organizing data, computing, and interpreting measures of central tendency, variability, and association. Estimation, confidence intervals, tests of hypotheses, t-tests, correlation, and regression. Possible topics: analysis of variance and chi-square tests, computer statistical packages.",,,,,
Stanford,statistics,STATS 167,"Probability: Ten Great Ideas About Chance (PHIL 166, PHIL 266, STATS 267)",not given this year,4,"Foundational approaches to thinking about chance in matters such as gambling, the law, and everyday affairs. Topics include: chance and decisions; the mathematics of chance; frequencies, symmetry, and chance; Bayes great idea; chance and psychology; misuses of chance; and harnessing chance. Emphasis is on the philosophical underpinnings and problems. Prerequisite: exposure to probability or a first course in statistics at the level of  STATS 60 or 116.",,,,,
Stanford,statistics,STATS 191,Introduction to Applied Statistics,Win,3-4,"Statistical tools for modern data analysis. Topics include regression and prediction, elements of the analysis of variance, bootstrap, and cross-validation. Emphasis is on conceptual rather than theoretical understanding. Applications to social/biological sciences. Student assignments/projects require use of the software package R. Recommended: 60, 110, or 141.",,,,,
Stanford,statistics,STATS 195,Introduction to R (CME 195),"Aut, Spr",1,"This short course runs for four weeks beginning in the second week of the quarter and is offered in fall and spring. It is recommended for students who want to use R in statistics, science, or engineering courses and for students who want to learn the basics of R programming. The goal of the short course is to familiarize students with R's tools for scientific computing. Lectures will be interactive with a focus on learning by example, and assignments will be application-driven. No prior programming experience is needed. Topics covered include basic data structures, File I/O, graphs, control structures, etc, and some useful packages in R.",,,,,
Stanford,statistics,STATS 196A,Multilevel Modeling Using R (EDUC 401D),Spr,1,"See  http://rogosateaching.com/stat196/ . Multilevel data analysis examples using R. Topics include: two-level nested data, growth curve modeling, generalized linear models for counts and categorical data, nonlinear models, three-level analyses.",,,,,
Stanford,statistics,STATS 199,Independent Study,"Aut, Win, Spr, Sum",1-15,For undergraduates.,,,,,
Stanford,statistics,STATS 200,Introduction to Statistical Inference,"Aut, Win",3,"Modern statistical concepts and procedures derived from a mathematical framework. Statistical inference, decision theory; point and interval estimation, tests of hypotheses; Neyman-Pearson theory. Bayesian analysis; maximum likelihood, large sample theory. Prerequisite: 116.",116.,,,,
Stanford,statistics,STATS 201,Design and Analysis of Experiments,not given this year,3-5,Theory and applications. Factors that affect response. Optimum levels of parameters. How to balance theory and practical design techniques. Prerequisites: basic statistics and probability theory.,basic statistics and probability theory.,,,,
Stanford,statistics,STATS 202,Data Mining and Analysis,"Aut, Sum",3,"Data mining is used to discover patterns and relationships in data. Emphasis is on large complex data sets such as those in very large databases or through web mining. Topics: decision trees, association rules, clustering, case based methods, and data visualization. Prereqs: Introductory courses in statistics or probability (e.g.,  Stats 60), linear algebra (e.g.,  Math 51), and computer programming (e.g.,  CS 105).",,,,,
Stanford,statistics,STATS 203,Introduction to Regression Models and Analysis of Variance,"Win, Sum",3,Modeling and interpretation of observational and experimental data using linear and nonlinear regression methods. Model building and selection methods. Multivariable analysis. Fixed and random effects models. Experimental design. Pre- or corequisite: 200.,200.,,,,
Stanford,statistics,STATS 204,Sampling,not given this year,3,"How best to take data and where to sample it. Examples include surveys and sampling from data warehouses. Emphasis is on methods for finite populations. Topics: simple random sampling, stratified sampling, cluster sampling, ratio and regression estimators, two stage sampling.",,,,,
Stanford,statistics,STATS 205,Introduction to Nonparametric Statistics,not given this year,3,"Nonparametric analogs of the one- and two-sample  t-tests and analysis of variance; the sign test, median test, Wilcoxon's tests, and the Kruskal-Wallis and Friedman tests, tests of independence. Nonparametric regression and nonparametric density estimation, modern nonparametric techniques, nonparametric confidence interval estimates.",,,,,
Stanford,statistics,STATS 206,Applied Multivariate Analysis,Aut,3,"Introduction to the statistical analysis of several quantitative measurements on each observational unit. Emphasis is on concepts, computer-intensive methods. Examples from economics, education, geology, psychology. Topics: multiple regression, multivariate analysis of variance, principal components, factor analysis, canonical correlations, multidimensional scaling, clustering. Pre- or corequisite: 200.",200.,,,,
Stanford,statistics,STATS 207,Introduction to Time Series Analysis,Spr,3,"Time series models used in economics and engineering. Trend fitting, autoregressive and moving average models and spectral analysis, Kalman filtering, and state-space models. Seasonality, transformations, and introduction to financial time series. Prerequisite: basic course in Statistics at the level of 200.",basic course in Statistics at the level of 200.,,,,
Stanford,statistics,STATS 208,Introduction to the Bootstrap,Spr,3,"The bootstrap is a computer-based method for assigning measures of accuracy to statistical estimates. By substituting computation in place of mathematical formulas, it permits the statistical analysis of complicated estimators. Topics: nonparametric assessment of standard errors, biases, and confidence intervals; related resampling methods including the jackknife, cross-validation, and permutation tests. Theory and applications. Prerequisite: course in statistics or probability.",course in statistics or probability.,,,,
Stanford,statistics,STATS 209,"Statistical Methods for Group Comparisons and Causal Inference (EDUC 260A, HRP 239)",Win,3,"See  http://rogosateaching.com/stat209/. Critical examination of statistical methods in social science and life sciences applications, especially for cause and effect determinations. Topics: mediating and moderating variables, potential outcomes framework, encouragement designs, multilevel models, heterogeneous treatment effects, matching and propensity score methods, analysis of covariance, instrumental variables, compliance, path analysis and graphical models, group comparisons with longitudinal data. Prerequisite: intermediate-level statistical methods.",intermediate-level statistical methods.,,,,
Stanford,statistics,STATS 211,"Meta-research: Appraising Research Findings, Bias, and Meta-analysis (CHPR 206, HRP 206, MED 206)",Win,3,"Open to graduate, medical, and undergraduate students. Appraisal of the quality and credibility of research findings; evaluation of sources of bias. Meta-analysis as a quantitative (statistical) method for combining results of independent studies. Examples from medicine, epidemiology, genomics, ecology, social/behavioral sciences, education. Collaborative analyses. Project involving generation of a meta-research project or reworking and evaluation of an existing published meta-analysis. Prerequisite: knowledge of basic statistics.",knowledge of basic statistics.,,,,
Stanford,statistics,STATS 212,Applied Statistics with SAS,not given this year,3,"Data analysis and implementation of statistical tools in SAS. Topics: reading in and describing data, categorical data, dates and longitudinal data, correlation and regression, nonparametric comparisons, ANOVA, multiple regression, multivariate data analysis, using arrays and macros in SAS. Prerequisite: statistical techniques at the level of  STATS 191 or 203; knowledge of SAS not required.",,,,,
Stanford,statistics,STATS 213,Introduction to Graphical Models (STATS 313),not given this year,3,"Multivariate Normal Distribution and Inference, Wishart distributions, graph theory, probabilistic Markov models, pairwise and global Markov property, decomposable graph, Markov equivalence, MLE for DAG models and undirected graphical models, Bayesian inference for DAG models and undirected graphical models. Prerequisites:  STATS 217,  STATS 200 (preferably  STATS 300A),  MATH 104 or equivalent class in linear algebra.",,,,,
Stanford,statistics,STATS 215,Statistical Models in Biology,Spr,3,"Poisson and renewal processes, Markov chains in discrete and continuous time, branching processes, diffusion. Applications to models of nucleotide evolution, recombination, the Wright-Fisher process, coalescence, genetic mapping, sequence analysis. Theoretical material approximately the same as in  STATS 217, but emphasis is on examples drawn from applications in biology, especially genetics. Prerequisite: 116 or equivalent.",116 or equivalent.,,,,
Stanford,statistics,STATS 216,Introduction to Statistical Learning,Win,3,"Overview of supervised learning, with a focus on regression and classification methods. Syllabus includes: linear and polynomial regression, logistic regression and linear discriminant analysis;cross-validation and the bootstrap, model selection and regularization methods (ridge and lasso); nonlinear models, splines and generalized additive models; tree-based methods, random forests and boosting; support-vector machines; Some unsupervised learning: principal components and clustering (k-means and hierarchical). Computing is done in R, through tutorial sessions and homework assignments. This math-light course is offered via video segments (MOOC style), and in-class problem solving sessions. Prereqs: Introductory courses in statistics or probability (e.g.,  Stats 60 or  Stats 101), linear algebra (e.g.,  Math 51), and computer programming (e.g.,  CS 105).",,,,,
Stanford,statistics,STATS 216V,Introduction to Statistical Learning,Sum,3,"Overview of supervised learning, with a focus on regression and classification methods. Syllabus includes: linear and polynomial regression, logistic regression and linear discriminant analysis; cross-validation and the bootstrap, model selection and regularization methods (ridge and lasso); nonlinear models, splines and generalized additive models; tree-based methods, random forests and boosting; support-vector machines; Some unsupervised learning: principal components and clustering (k-means and hierarchical). Computing is done in R, through tutorial sessions and homework assignments. This math-light course is offered remotely only via video segments (MOOC style). TAs will host remote weekly office hours using an online platform such as Google Hangout or BlueJeans. There are four homework assignments, a midterm, and a final exam, all of which are administered remotely. Prereqs: Introductory courses in statistics or probability (e.g.,  Stats 60 or  Stats 101), linear algebra (e.g.,  Math 51), and computer programming (e.g.,  CS 105).",,,,,
Stanford,statistics,STATS 217,Introduction to Stochastic Processes I,"Win, Sum",2-3,"Discrete and continuous time Markov chains, poisson processes, random walks, branching processes, first passage times, recurrence and transience, stationary distributions. Non-Statistics masters students may want to consider taking  STATS 215 instead. Prerequisite:  STATS 116 or consent of instructor.",,,,,
Stanford,statistics,STATS 218,Introduction to Stochastic Processes II,Spr,3,"Renewal theory, Brownian motion, Gaussian processes, second order processes, martingales.",,,,,
Stanford,statistics,STATS 219,Stochastic Processes (MATH 136),Aut,3,"Introduction to measure theory, Lp spaces and Hilbert spaces. Random variables, expectation, conditional expectation, conditional distribution. Uniform integrability, almost sure and Lp convergence. Stochastic processes: definition, stationarity, sample path continuity. Examples: random walk, Markov chains, Gaussian processes, Poisson processes, Martingales. Construction and basic properties of Brownian motion. Prerequisite:  STATS 116 or  MATH 151 or equivalent. Recommended:  MATH 115 or equivalent.  http://statweb.stanford.edu/~adembo/math-136/",,,,,
Stanford,statistics,STATS 221,Introduction to Mathematical Finance,not given this year,3-4,"Interest rate and discounted value. Financial derivatives, hedging, and risk management. Stochastic models of financial markets, introduction to Ito calculus and stochastic differential equations. Black-Scholes pricing of European options. Optimal stopping and American options. Prerequisites:  MATH 53,  STATS 116, or equivalents.",,,,,
Stanford,statistics,STATS 222,Statistical Methods for Longitudinal Research (EDUC 351A),Aut,2-3,"See  http://rogosateaching.com/stat222/. Research designs and statistical procedures for time-ordered (repeated-measures) data. The analysis of longitudinal panel data is central to empirical research on learning, development, aging, and the effects of interventions. Topics include: measurement of change, growth curve models, analysis of durations including survival analysis, experimental and non-experimental group comparisons, reciprocal effects, stability. Prerequisite: intermediate statistical methods",intermediate statistical methods,,,,
Stanford,statistics,STATS 229,Machine Learning (CS 229),Aut,3-4,"Topics: statistical pattern recognition, linear and non-linear regression, non-parametric methods, exponential family, GLMs, support vector machines, kernel methods, model/feature selection, learning theory, VC dimension, clustering, density estimation, EM, dimensionality reduction, ICA, PCA, reinforcement learning and adaptive control, Markov decision processes, approximate dynamic programming, and policy search. Prerequisites: linear algebra, and basic probability and statistics.","linear algebra, and basic probability and statistics.",,,,
Stanford,statistics,STATS 231,Statistical Learning Theory (CS 229T),not given this year,3,"How do we formalize what it means for an algorithm to learn from data? This course focuses on developing mathematical tools for answering this question. We will present various common learning algorithms and prove theoretical guarantees about them. Topics include classical asymptotics, method of moments, generalization bounds via uniform convergence, kernel methods, online learning, and multi-armed bandits. Prerequisites: A solid background in linear algebra and probability theory, statistics and machine learning ( STATS 315A or  CS 229). Convex optimization ( EE 364A) is helpful but not required.",,,,,
Stanford,statistics,STATS 237,Theory of Investment Portfolios and Derivative Securities,Sum,3,"Asset returns and their volatilities. Markowitz portfolio theory, capital asset pricing model, multifactor pricing models. Measures of market risk. Financial derivatives and hedging. Black-Scholes pricing of European options. Valuation of American options. Implied volatility and the Greeks. Prerequisite:  STATS 116 or equivalent",,,,,
Stanford,statistics,STATS 237P,Theory of Investment Portfolios and Derivative Securities,Sum,3,For SCPD students; see  STATS237,,,,,
Stanford,statistics,STATS 238,"The Future of Finance (ECON 152, ECON 252, PUBLPOL 364)",Win,2,"(Same as  Law 1038) If you are interested in a career in finance or that touches finance (computational science, economics, public policy, legal, regulatory, corporate, other), this course will give you a useful perspective. We will take on hot topics in the current landscape of global financial markets such as how the world has evolved post-financial crisis, how it is being disrupted by FinTech, RegTech, artificial intelligence, crowd financing, blockchain, machine learning & robotics (to name a few), how it is being challenged by IoT, cyber, financial warfare & crypto currency risks (to name a few) and how it is seizing new opportunities in fast-growing areas such as ETFs, new instruments/payment platforms, robo advising, big data & algorithmic trading (to name a few). The course will include guest-lecturer perspectives on how sweeping changes are transforming business models and where the greatest opportunities exist for students entering or touching the world of finance today inclu ",,,,,
Stanford,statistics,STATS 239,"Mathematical and Computational Finance Seminar (CME 242, MS&E 446A)",not given this year,1,May be repeat for credit.,,,,,
Stanford,statistics,STATS 239A,Workshop in Quantitative Finance,not given this year,1,Topics of current interest.,,,,,
Stanford,statistics,STATS 239B,Workshop in Quantitative Finance (CME 239B),not given this year,1,Topics of current interest. May be repeated for credit.,,,,,
Stanford,statistics,STATS 240,Statistical Methods in Finance,Aut,3-4,(SCPD students register for 240P.) Regression analysis and applications to investment models. Principal components and multivariate analysis. Likelihood inference and Bayesian methods. Financial time series. Estimation and modeling of volatilities. Statistical methods for portfolio management. Prerequisite:  STATS 200 or equivalent.,,,,,
Stanford,statistics,STATS 240P,Statistical Methods in Finance,Aut,3,For SCPD students; see 240.,,,,,
Stanford,statistics,STATS 241,Data-driven Financial and Risk Econometrics,Sum,3-4,"(SCPD students register for 241P) Substantive and empirical modeling approaches in options, interest rate, and credit markets. Nonlinear least squares, logistic regression and generalized linear models. Nonparametric regression and model selection. Multivariate time series modeling and forecasting. Vector autoregressive models and cointegration. Risk measures, models and analytics. Prerequisite or corequisite:  STATS 240 or equivalent.",,,,,
Stanford,statistics,STATS 241P,Data-driven Financial and Risk Econometrics,Sum,3,For SCPD students; see  STATS241.,,,,,
Stanford,statistics,STATS 243,Risk Analytics and Management in Finance and Insurance (CME 243),not given this year,3,"Market risk and credit risk, credit markets. Back testing, stress testing and Monte Carlo methods. Logistic regression, generalized linear models and generalized mixed models. Loan prepayment and default as competing risks. Survival and hazard functions, correlated default intensities, frailty and contagion. Risk surveillance, early warning and adaptive control methodologies. Banking and bank regulation, asset and liability management. Prerequisite:  STATS 240 or equivalent.",,,,,
Stanford,statistics,STATS 243P,Risk Analytics and Management in Finance and Insurance,not given this year,3,For SCPD students; see  STATS243.,,,,,
Stanford,statistics,STATS 244,"Quantitative Trading: Algorithms, Data, and Optimization",not given this year,3-4,"Statistical trading rules and performances evaluation. Active portfolio management and dynamic investment strategies. Data analytics and models of transactions data. Limit order book dynamics in electronic exchanges. Algorithmic trading, informatics, and optimal execution. Market making and inventory control. Risk management and regulatory issues. Prerequisites:  STATS 240 or equivalent.",,,,,
Stanford,statistics,STATS 244P,"Quantitative Trading: Algorithms, Data and Optimization",not given this year,3,For SCPD students; see 244.,,,,,
Stanford,statistics,STATS 245,"Data, Models, and Decision Analytics",Sum,3,"Statistical models and decision theory. Online A/B testing, comparative effective studies of medical treatments. Introduction to recommender systems in online services, personalized medicine and marketing. Prerequisite or corequisite:  STATS 202, or  CS 229, or  CME 250, or equivalent.",,,,,
Stanford,statistics,STATS 245P,"Data, Models, and Decision Analytics",Sum,3,For SCPD students; see  STATS245.,,,,,
Stanford,statistics,STATS 247,Data-driven Decisions in the Big Data Era of Economics and Technology,not given this year,3,(SCPD students register for 247P). Description TBD,,,,,
Stanford,statistics,STATS 247P,Data-driven Decisions in the Big Data Era of Economics and Technology,not given this year,3,For SCPD students; see  STATS247.,,,,,
Stanford,statistics,STATS 250,Mathematical Finance (MATH 238),Win,3,Stochastic models of financial markets. Forward and futures contracts. European options and equivalent martingale measures. Hedging strategies and management of risk. Term structure models and interest rate derivatives. Optimal stopping and American options. Corequisites:  MATH 236 and 227 or equivalent.,,,,,
Stanford,statistics,STATS 253,Analysis of Spatial and Temporal Data,not given this year,3,"A unified treatment of methods for spatial data, time series, and other correlated data from the perspective of regression with correlated errors. Two main paradigms for dealing with autocorrelation: covariance modeling (kriging) and autoregressive processes. Bayesian methods. Prerequisites: applied linear algebra ( MATH 103 or equivalent), statistical estimation ( STATS 200 or  CS 229), and linear regression ( STATS 203 or equivalent).",,,,,
Stanford,statistics,STATS 260A,Workshop in Biostatistics (BIODS 260A),Aut,1-2,"Applications of statistical techniques to current problems in medical science. To receive credit for one or two units, a student must attend every workshop. To receive two units, in addition to attending every workshop, the student is required to write an acceptable one page summary of two of the workshops, with choices made by the student.",,,,,
Stanford,statistics,STATS 260B,Workshop in Biostatistics (BIODS 260B),Win,1-2,"Applications of statistical techniques to current problems in medical science. To receive credit for one or two units, a student must attend every workshop. To receive two units, in addition to attending every workshop, the student is required to write an acceptable one page summary of two of the workshops, with choices made by the student.",,,,,
Stanford,statistics,STATS 260C,Workshop in Biostatistics (BIODS 260C),Spr,1-2,"Applications of statistical techniques to current problems in medical science. To receive credit for one or two units, a student must attend every workshop. To receive two units, in addition to attending every workshop, the student is required to write an acceptable one page summary of two of the workshops, with choices made by the student.",,,,,
Stanford,statistics,STATS 261,"Intermediate Biostatistics: Analysis of Discrete Data (BIOMEDIN 233, HRP 261)",Win,3,"Methods for analyzing data from case-control and cross-sectional studies: the 2x2 table, chi-square test, Fisher's exact test, odds ratios, Mantel-Haenzel methods, stratification, tests for matched data, logistic regression, conditional logistic regression. Emphasis is on data analysis in SAS. Special topics: cross-fold validation and bootstrap inference.",,,,,
Stanford,statistics,STATS 262,"Intermediate Biostatistics: Regression, Prediction, Survival Analysis (HRP 262)",Spr,3,"Methods for analyzing longitudinal data. Topics include Kaplan-Meier methods, Cox regression, hazard ratios, time-dependent variables, longitudinal data structures, profile plots, missing data, modeling change, MANOVA, repeated-measures ANOVA, GEE, and mixed models. Emphasis is on practical applications. Prerequisites: basic ANOVA and linear regression.",basic ANOVA and linear regression.,,,,
Stanford,statistics,STATS 263,Design of Experiments (STATS 363),not given this year,3,"Experiments vs observation. Confounding. Randomization. ANOVA.Blocking. Latin squares. Factorials and fractional factorials. Split plot. Response surfaces. Mixture designs. Optimal design. Central composite. Box-Behnken. Taguchi methods. Computer experiments and space filling designs. Prerequisites: probability at  STATS 116 level or higher, and at least one course in linear models.",,,,,
Stanford,statistics,STATS 266,"Advanced Statistical Methods for Observational Studies (CHPR 290, EDUC 260B, HRP 292)",Spr,2-3,"Design principles and statistical methods for observational studies. Topics include: matching methods, sensitivity analysis, instrumental variables, graphical models, marginal structural models. 3 unit registration requires a small project and presentation. Computing is in R. Pre-requisites:  HRP 261 and 262 or STAT 209 ( HRP 239), or equivalent. See  http://rogosateaching.com/somgen290/",,,,,
Stanford,statistics,STATS 267,"Probability: Ten Great Ideas About Chance (PHIL 166, PHIL 266, STATS 167)",not given this year,4,"Foundational approaches to thinking about chance in matters such as gambling, the law, and everyday affairs. Topics include: chance and decisions; the mathematics of chance; frequencies, symmetry, and chance; Bayes great idea; chance and psychology; misuses of chance; and harnessing chance. Emphasis is on the philosophical underpinnings and problems. Prerequisite: exposure to probability or a first course in statistics at the level of  STATS 60 or 116.",,,,,
Stanford,statistics,STATS 270,Bayesian Statistics I (STATS 370),Win,3,"This is the first of a two course sequence on modern Bayesian statistics. Topics covered include: real world examples of large scale Bayesian analysis; basic tools (models, conjugate priors and their mixtures); Bayesian estimates, tests and credible intervals; foundations (axioms, exchangeability, likelihood principle); Bayesian computations (Gibbs sampler, data augmentation, etc.); prior specification. Prerequisites: statistics and probability at the level of  Stats300A,  Stats305, and  Stats310.",,,,,
Stanford,statistics,STATS 271,Bayesian Statistics II (STATS 371),not given this year,3,"This is the second of a two course sequence on modern Bayesian statistics. Topics covered include: Asymptotic properties of Bayesian procedures and consistency (Doobs theorem, frequentists consistency, counter examples); connections between Bayesian methods and classical methods (the complete class theorem); generalization of exchangeability; general versions of the Bayes theorem in the undominated case; non parametric Bayesian methods (Dirichelet and Polya tree priors). Throughout general theory will be illustrated with classical examples. Prerequisites:  Stats 270/370.",,,,,
Stanford,statistics,STATS 285,"Massive Computational Experiments, Painlessly",Aut,1-2,"Ambitious Data Science requires massive computational experimentation; the entry ticket for a solid PhD in some fields is now to conduct experiments involving 1 Million CPU hours. Recently several groups have created efficient computational environments that make it painless to run such massive experiments. This course reviews state-of-the-art practices for doing massive computational experiments on compute clusters in a painless and reproducible manner. Students will learn how to automate their computing experiments first of all using nuts-and-bolts tools such as Perl and Bash, and later using available comprehensive frameworks such as ClusterJob and CodaLab, which enables them to take on ambitious Data Science projects. The course also features few guest lectures by renowned scientists in the field of Data Science. Students should have a familiarity with computational experiments and be facile in some high-level computer language such as R, Matlab, or Python.",,,,,
Stanford,statistics,STATS 290,Computing for Data Science,Win,3,"Programming and computing techniques for the requirements of data science: acquisition and organization of data; visualization, modelling and inference for scientific applications; presentation and interactive communication of results. Emphasis on computing for substantial projects. Software development with emphasis on R, plus other key software tools. Prerequisites: Programming experience including familiarity with R; computing at least at the level of  CS 106; statistics at the level of  STATS 110 or 141.",,,,,
Stanford,statistics,STATS 298,Industrial Research for Statisticians,"Aut, Win, Spr, Sum",1,"Masters-level research as in 299, but with the approval and supervision of a faculty adviser, it must be conducted for an off-campus employer. Students must submit a written final report upon completion of the internship in order to receive credit. Repeatable for credit. Prerequisite: enrollment in Statistics M.S. program.",enrollment in Statistics M.S. program.,,,,
Stanford,statistics,STATS 299,Independent Study,"Aut, Win, Spr, Sum",1-10,For Statistics M.S. students only. Reading or research program under the supervision of a Statistics faculty member. May be repeated for credit.,,,,,
Stanford,statistics,STATS 300,Advanced Topics in Statistics: R. A. Fisher and 20th Century Statistics,Sum,2-3,"An introduction to statistical inference and practice through the eyes of its greatest exponent, R. A. Fisher. Each class one of Fisher's papers will be discussed, together with one or more commentaries or extensions by later statisticians. Topics to be covered will include: Fisher's life; the Student t-test, the 1915 paper on the correlation coefficient, the degrees-of-freedom controversy for chi-squared, the 1922 and 1925 papers on statistical estimation, Statistical Methods for Research Workers (1925), conditional inference, the Design of Experiments (1935), the dispute with Neyman, discriminant analysis, the sampling of species, dispersion on a sphere, fiducial inference, and Statistical Methods and Scientific Inference (1956).",,,,,
Stanford,statistics,STATS 300A,Theory of Statistics I,Aut,2-3,"Finite sample optimality of statistical procedures; Decision theory: loss, risk, admissibility; Principles of data reduction: sufficiency, ancillarity, completeness; Statistical models: exponential families, group families, nonparametric families; Point estimation: optimal unbiased and equivariant estimation, Bayes estimation, minimax estimation; Hypothesis testing and confidence intervals: uniformly most powerful tests, uniformly most accurate confidence intervals, optimal unbiased and invariant tests. Prerequisites: Real analysis, introductory probability (at the level of  STATS 116), and introductory statistics.",,,,,
Stanford,statistics,STATS 300B,Theory of Statistics II,Win,2-4,"Elementary decision theory; loss and risk functions, Bayes estimation; UMVU estimator, minimax estimators, shrinkage estimators. Hypothesis testing and confidence intervals: Neyman-Pearson theory; UMP tests and uniformly most accurate confidence intervals; use of unbiasedness and invariance to eliminate nuisance parameters. Large sample theory: basic convergence concepts; robustness; efficiency; contiguity, locally asymptotically normal experiments; convolution theorem; asymptotically UMP and maximin tests. Asymptotic theory of likelihood ratio and score tests. Rank permutation and randomization tests; jackknife, bootstrap, subsampling and other resampling methods. Further topics: sequential analysis, optimal experimental design, empirical processes with applications to statistics, Edgeworth expansions, density estimation, time series.",,,,,
Stanford,statistics,STATS 300C,Theory of Statistics III,Spr,2-4,"Decision theory formulation of statistical problems. Minimax, admissible procedures. Complete class theorems (""all"" minimax or admissible procedures are ""Bayes""), Bayes procedures, conjugate priors, hierarchical models. Bayesian non parametrics: diaichlet, tail free, polya trees, bayesian sieves. Inconsistency of bayes rules.",,,,,
Stanford,statistics,STATS 302,Qualifying Exams Workshop,Sum,3,Prepares Statistics Ph.D. students for the qualifying exams by reviewing relevant course topics and problem solving strategies.,,,,,
Stanford,statistics,STATS 303,PhD First Year Student Workshop,"Aut, Win, Spr, Sum",1,"For Statistics First Year PhD students only. Discussion of relevant topics in first year student courses, consultation with PhD advisor.",,,,,
Stanford,statistics,STATS 305A,Introduction to Statistical Modeling,Aut,3,"Review of univariate regression. Multiple regression. Geometry, subspaces, orthogonality, projections, normal equations, rank deficiency, estimable functions and Gauss-Markov theorem. Computation via QR decomposition, Gramm-Schmidt orthogonalization and the SVD. Interpreting coefficients, collinearity, graphical displays. Fits and the Hat matrix, leverage & influence, diagnostics, weighted least squares and resistance. Model selection, Cp/Aic and crossvalidation, stepwise, lasso. Basis expansions, splines. Multivariate normal distribution theory. ANOVA: Sources of measurements, fixed and random effects, randomization. Emphasis on problem sets involving substantive computations with data sets. Prerequisites: consent of instructor, 116, 200, applied statistics course,  CS 106A,  MATH 114. (NB: prior to 2016-17 the 305ABC series was numbered as 305, 306A and 306B).",,,,,
Stanford,statistics,STATS 305B,Methods for Applied Statistics I: Exponential Families in Theory and Practice,Win,3,"Exponential families are central to parametric statistical inference. This course emphasizes the applied aspects of exponential family theory, with special emphasis on Generalized Linear Models. Prerequisite: 305A or equivalent. (NB: prior to 2016-17 the 305ABC series was numbered as 305, 306A and 306B).","305A or equivalent. (NB: prior to 2016-17 the 305ABC series was numbered as 305, 306A and 306B).",,,,
Stanford,statistics,STATS 305C,Methods for Applied Statistics II: Applied Multivariate Statistics,Spr,3,"Theory, computational aspects, and practice of a variety of important multivariate statistical tools for data analysis. Topics include classical multivariate Gaussian and undirected graphical models, graphical displays. PCA, SVD and generalizations including canonical correlation analysis, linear discriminant analysis, correspondence analysis, with focus on recent variants. Factor analysis and independent component analysis. Topic modeling. Multidimensionalnscaling and its variants (e.g. Isomap, spectral clustering). Matrix completion. nStudents will be expected to program - ideally in R. Prerequisites: Stats305a and  Stats 305b or equivalent. (NB: prior to 2016-17 the 305ABC series was numbered as 305, 306A and 306B).",,,,,
Stanford,statistics,STATS 310A,Theory of Probability I (MATH 230A),Aut,2-4,"Mathematical tools: sigma algebras, measure theory, connections between coin tossing and Lebesgue measure, basic convergence theorems. Probability: independence, Borel-Cantelli lemmas, almost sure and Lp convergence, weak and strong laws of large numbers. Large deviations. Weak convergence; central limit theorems; Poisson convergence; Stein's method. Prerequisites: 116,  MATH 171.",,,,,
Stanford,statistics,STATS 310B,Theory of Probability II (MATH 230B),Win,2-3,"Conditional expectations, discrete time martingales, stopping times, uniform integrability, applications to 0-1 laws, Radon-Nikodym Theorem, ruin problems, etc. Other topics as time allows selected from (i) local limit theorems, (ii) renewal theory, (iii) discrete time Markov chains, (iv) random walk theory,n(v) ergodic theory. Prerequisite: 310A or  MATH 230A.",,,,,
Stanford,statistics,STATS 310C,Theory of Probability III (MATH 230C),Spr,2-4,"Continuous time stochastic processes: martingales, Brownian motion, stationary independent increments, Markov jump processes and Gaussian processes. Invariance principle, random walks, LIL and functional CLT. Markov and strong Markov property. Infinitely divisible laws. Some ergodic theory. Prerequisite: 310B or  MATH 230B.  http://statweb.stanford.edu/~adembo/stat-310c/",,,,,
Stanford,statistics,STATS 311,Information Theory and Statistics (EE 377),not given this year,3,"Information theoretic techniques in probability and statistics. Fano, Assouad,nand Le Cam methods for optimality guarantees in estimation. Large deviationsnand concentration inequalities (Sanov's theorem, hypothesis testing, thenentropy method, concentration of measure). Approximation of (Bayes) optimalnprocedures, surrogate risks, f-divergences. Penalized estimators and minimumndescription length. Online game playing, gambling, no-regret learning. Prerequisites:  EE 376A (or equivalent) or  STATS 300A.",,,,,
Stanford,statistics,STATS 312,Statistical Methods in Neuroscience,not given this year,3,"The goal is to discuss statistical methods for neuroscience in their natural habitat: the research questions, measurement technologies and experiment designs used in modern neuroscience. We will emphasize both the choice and quality of the methods, as well as the reporting, interpretation and visualization of results. Likely topics include preprocessing and signal extraction for single-neuron and neuroimaging technologies, statistical models for single response, encoding and decoding models, multiple-responses and parametric maps, and testing. Participation includes analyzing methods and real data, discussing papers in class, and a final project. Requirements: we will assume familiarity with linear models, likelihoods etc. Students who have not taken graduate level statistics courses are required to contact the instructor. Background in neuroscience is not assumed.",,,,,
Stanford,statistics,STATS 313,Introduction to Graphical Models (STATS 213),not given this year,3,"Multivariate Normal Distribution and Inference, Wishart distributions, graph theory, probabilistic Markov models, pairwise and global Markov property, decomposable graph, Markov equivalence, MLE for DAG models and undirected graphical models, Bayesian inference for DAG models and undirected graphical models. Prerequisites:  STATS 217,  STATS 200 (preferably  STATS 300A),  MATH 104 or equivalent class in linear algebra.",,,,,
Stanford,statistics,STATS 314A,Advanced Statistical Theory,not given this year,3,"Covers a range of topics, including: empirical processes, asymptotic efficiency, uniform convergence of measures, contiguity, resampling methods, Edgeworth expansions.",,,,,
Stanford,statistics,STATS 314B,Topics in Minimax Inference of Nonparametric Functionals,not given this year,3,Topics in the estimation of various functionals of underlying distribution for nonparametric problems. Development of ideas of higher order influence functions that extend the theory of classical first order semiparametric theory. Topics on adaptive estimation and adaptive confidence sets construction. Understanding results from wavelet theory and higher order U-statistics.,,,,,
Stanford,statistics,STATS 315A,Modern Applied Statistics: Learning,Win,2-3,"Overview of supervised learning. Linear regression and related methods. Model selection, least angle regression and the lasso, stepwise methods. Classification. Linear discriminant analysis, logistic regression, and support vector machines (SVMs). Basis expansions, splines and regularization. Kernel methods. Generalized additive models. Kernel smoothing. Gaussian mixtures and the EM algorithm. Model assessment and selection: crossvalidation and the bootstrap. Pathwise coordinate descent. Sparse graphical models. Prerequisites:  STATS 305, 306A,B or consent of instructor.",,,,,
Stanford,statistics,STATS 315B,Modern Applied Statistics: Data Mining,Spr,2-3,"Two-part sequence. New techniques for predictive and descriptive learning using ideas that bridge gaps among statistics, computer science, and artificial intelligence. Emphasis is on statistical aspects of their application and integration with more standard statistical methodology. Predictive learning refers to estimating models from data with the goal of predicting future outcomes, in particular, regression and classification models. Descriptive learning is used to discover general patterns and relationships in data without a predictive goal, viewed from a statistical perspective as computer automated exploratory analysis of large complex data sets.",,,,,
Stanford,statistics,STATS 316,Stochastic Processes on Graphs,Aut,1-3,"Local weak convergence, Gibbs measures on trees, cavity method, and replica symmetry breaking. Examples include random k-satisfiability, the assignment problem, spin glasses, and neural networks. Prerequisite: 310A or equivalent.  https://web.stanford.edu/~montanar/TEACHING/Stat316/stat316.html",,,,,
Stanford,statistics,STATS 317,Stochastic Processes,Win,3,"Semimartingales, stochastic integration, Ito's formula, Girsanov's theorem. Gaussian and related processes. Stationary/isotropic processes. Integral geometry and geometric probability. Maxima of random fields and applications to spatial statistics and imaging.",,,,,
Stanford,statistics,STATS 318,Modern Markov Chains,not given this year,3,"Tools for understanding Markov chains as they arise in applications. Random walk on graphs, reversible Markov chains, Metropolis algorithm, Gibbs sampler, hybrid Monte Carlo, auxiliary variables, hit and run, Swedson-Wong algorithms, geometric theory, Poincare-Nash-Cheger-Log-Sobolov inequalities. Comparison techniques, coupling, stationary times, Harris recurrence, central limit theorems, and large deviations.",,,,,
Stanford,statistics,STATS 319,Literature of Statistics,"Aut, Win, Spr",1-3,Literature study of topics in statistics and probability culminating in oral and written reports. May be repeated for credit.,,,,,
Stanford,statistics,STATS 320,Heterogeneous Data with Kernels,not given this year,3,"Mathematical and computational methods necessary to understanding analysis of heterogeneous data using generalized inner products and Kernels. For areas that need to integrate data from various sources, biology, environmental and chemical engineering, molecular biology, bioinformatics. Topics: Distances, inner products and duality. Multivariate projections. Complex heterogeneous data structures (networks, trees, categorical as well as multivariate continuous data). Canonical correlation analysis, canonical correspondence analysis. Kernel methods in Statistics. Representer theorem. Kernels on graphs. Kernel versions of standard statistical procedures. Data cubes and tensor methods.",,,,,
Stanford,statistics,STATS 321,Modern Applied Statistics: Transposable Data,not given this year,2-3,"Topics: clustering, biclustering, and spectral clustering. Data analysis using the singular value decomposition, nonnegative decomposition, and generalizations. Plaid model, aspect model, and additive clustering. Correspondence analysis, Rasch model, and independent component analysis. Page rank, hubs, and authorities. Probabilistic latent semantic indexing. Recommender systems. Applications to genomics and information retrieval. Prerequisites: 315A,B, 305/306A,B, or consent of instructor.","315A,B, 305/306A,B, or consent of instructor.",,,,
Stanford,statistics,STATS 322,Function Estimation in White Noise,not given this year,2-3,"Gaussian white noise model sequence space form. Hyperrectangles, quadratic convexity, and Pinsker's theorem. Minimax estimation on Lp balls and Besov spaces. Role of wavelets and unconditional bases. Linear and threshold estimators. Oracle inequalities. Optimal recovery and universal thresholding. Stein's unbiased risk estimator and threshold choice. Complexity penalized model selection. Connecting fast wavelet algorithms and theory. Beyond orthogonal bases.",,,,,
Stanford,statistics,STATS 324,Multivariate Analysis,not given this year,2-3,"Classic multivariate statistics: properties of the multivariate normal distribution, determinants, volumes, projections, matrix square roots, the singular value decomposition; Wishart distributions, Hotelling's T-square; principal components, canonical correlations, Fisher's discriminant, the Cauchy projection formula.",,,,,
Stanford,statistics,STATS 325,Multivariate Analysis and Random Matrices in Statistics,not given this year,2-3,Topics on Multivariate Analysis and Random Matrices in Statistics (full description TBA),,,,,
Stanford,statistics,STATS 329,Large-Scale Simultaneous Inference,not given this year,1-3,"Estimation, testing, and prediction for microarray-like data. Modern scientific technologies, typified by microarrays and imaging devices, produce inference problems with thousands of parallel cases to consider simultaneously. Topics: empirical Bayes techniques, James-Stein estimation, large-scale simultaneous testing, false discovery rates, local fdr, proper choice of null hypothesis (theoretical, permutation, empirical nulls), power, effects of correlation on tests and estimation accuracy, prediction methods, related sets of cases (""enrichment""), effect size estimation. Theory and methods illustrated on a variety of large-scale data sets.",,,,,
Stanford,statistics,STATS 330,An Introduction to Compressed Sensing (CME 362),not given this year,3,"Compressed sensing is a new data acquisition theory asserting that one can design nonadaptive sampling techniques that condense the information in a compressible signal into a small amount of data. This revelation may change the way engineers think about signal acquisition. Course covers fundamental theoretical ideas, numerical methods in large-scale convex optimization, hardware implementations, connections with statistical estimation in high dimensions, and extensions such as recovery of data matrices from few entries (famous Netflix Prize).",,,,,
Stanford,statistics,STATS 331,Survival Analysis (BIODS 231),not given this year,2,"The course introduces basic concepts, theoretical basis and statistical methods associated with survival data. Topics include censoring, Kaplan-Meier estimation, logrank test, proportional hazards regression, accelerated failure time model, multivariate failure time analysis and competing risks. The traditional counting process/martingale methods as well as modern empirical process methods will be covered. Prerequisite: Understanding of basic probability theory and statistical inference methods.",Understanding of basic probability theory and statistical inference methods.,,,,
Stanford,statistics,STATS 333,Modern Spectral Analysis,not given this year,3,"Traditional spectral analysis encompassed Fourier methods and their elaborations, under the assumption of a simple superposition of sinusoids, independent of time. This enables development of efficient and effective computational schemes, such as the FFT. Since many systems change in time, it becomes of interest to generalize classical spectral analysis to the time-varying setting. In addition, classical methods suffer from resolution limits which we hope to surpass. In this topics course, we follow two threads. On the one hand, we consider the estimation of instantaneous frequencies and decomposition of source signals, which may be time-varying. The thread begins with the empirical mode decomposition (EMD) for non-stationary signal decomposition into intrinsic mode functions (IMFs), introduced by N. Huang et al [1], together with its machinery of the sifting process and computation of the Hilbert spectrum, resulting in the so-called adaptive harmonic model (AHM).nNext, this thread ",,,,,
Stanford,statistics,STATS 334,Mathematics and Statistics of Gambling (MATH 231),Spr,3,"Probability and statistics are founded on the study of games of chance. Nowadays, gambling (in casinos, sports and the Internet) is a huge business. This course addresses practical and theoretical aspects. Topics covered: mathematics of basic random phenomena (physics of coin tossing and roulette, analysis of various methods of shuffling cards), odds in popular games, card counting, optimal tournament play, practical problems of random number generation. Prerequisites: Statistics 116 and 200.",Statistics 116 and 200.,,,,
Stanford,statistics,STATS 338,Topics in Biostatistics,not given this year,3,"Data monitoring and interim analysis of clinical trials. Design of Phase I, II, III trials. Survival analysis. Longitudinal data analysis.",,,,,
Stanford,statistics,STATS 341,Applied Multivariate Statistics,not given this year,3,"Theory, computational aspects, and practice of a variety of important multivariate statistical tools for data analysis. Topics include classicalnmultivariate Gaussian and undirected graphical models, graphical displays. PCA, SVD and generalizations including canonical correlation analysis, linear discriminant analysis, correspondence analysis, with focus on recent variants. Factor analysis and independent component analysis. Multidimensional scalingnand its variants (e.g. Isomap, spectral clustering). Students are expected to program in R. Prerequisite:  STATS 305 or equivalent.",,,,,
Stanford,statistics,STATS 344,Introduction to Statistical Genetics (GENE 244),not given this year,3,Statistical methods for analyzing human genetics studies of Mendelian disorders and common complex traits. Probable topics include: principles of population genetics; epidemiologic designs; familial aggregation; segregation analysis; linkage analysis; linkage-disequilibrium-based association mapping approaches; and genome-wide analysis based on high-throughput genotyping platforms. Prerequisite:  STATS 116 or equivalent or consent of instructor.,,,,,
Stanford,statistics,STATS 345,"Statistical and Machine Learning Methods for Genomics (BIO 268, BIOMEDIN 245, CS 373, GENE 245)",given next year,3,"Introduction to statistical and computational methods for genomics. Sample topics include: expectation maximization, hidden Markov model, Markov chain Monte Carlo, ensemble learning, probabilistic graphical models, kernel methods and other modern machine learning paradigms. Rationales and techniques illustrated with existing implementations used in population genetics, disease association, and functional regulatory genomics studies. Instruction includes lectures and discussion of readings from primary literature. Homework and projects require implementing some of the algorithms and using existing toolkits for analysis of genomic datasets.",,,,,
Stanford,statistics,STATS 350,Topics in Probability Theory,Aut,1-3,See  http://statweb.stanford.edu/~adembo/stat-350/concentration/ Selected topics of contemporary research interest in probability theory. May be repeated once for credit. Prerequisite: 310A or equivalent.,310A or equivalent.,,,,
Stanford,statistics,STATS 351,"Random Walks, Networks and Environment",not given this year,3,"Selected material about probability on trees and networks, random walk in random and non-random environments, percolation and related interacting particle systems. Prerequisite: Exposure to measure theoretic probability and to stochastic processes.",Exposure to measure theoretic probability and to stochastic processes.,,,,
Stanford,statistics,STATS 351A,An Introduction to Random Matrix Theory (MATH 231A),not given this year,3,"Patterns in the eigenvalue distribution of typical large matrices, which also show up in physics (energy distribution in scattering experiments), combinatorics (length of longest increasing subsequence), first passage percolation and number theory (zeros of the zeta function). Classical compact ensembles (random orthogonal matrices). The tools of determinental point processes.",,,,,
Stanford,statistics,STATS 355,Observational Studies (HRP 255),not given this year,2-3,This course will cover statistical methods for the design and analysis of observational studies. Topics for the course will include the potential outcomes framework for causal inference; randomized experiments; methods for controlling for observed confounders in observational studies; sensitivity analysis for hidden bias; instrumental variables; tests of hidden bias; coherence; and design of observational studies.,,,,,
Stanford,statistics,STATS 359,Topics in Mathematical Physics (MATH 273),not given this year,3,"Covers a list of topics in mathematical physics. The specific topics may vary from year to year, depending on the instructor's discretion. Background in graduate level probability theory and analysis is desirable.",,,,,
Stanford,statistics,STATS 360,Advanced Statistical Methods for Earth System Analysis (ESS 260),not given this year,3,"Introduction for graduate students to important issues in data analysis relevant to earth system studies. Emphasis on methodology, concepts and implementation (in R), rather than formal proofs. Likely topics include the bootstrap, non-parametric methods, regression in the presence of spatial and temporal correlation, extreme value analysis, time-series analysis, high-dimensional regressions and change-point models. Topics subject to change each year. Prerequisites:  STATS 110 or equivalent.",,,,,
Stanford,statistics,STATS 362,Topic: Monte Carlo,Win,3,"Random numbers and vectors: inversion, acceptance-rejection, copulas. Variance reduction: antithetics, stratification, control variates, importance sampling. MCMC: Markov chains, detailed balance, Metropolis-Hastings, random walk Metropolis,nnindependence sampler, Gibbs sampling, slice sampler, hybrids of Gibbs and Metropolis, tempering. Sequential Monte Carlo. Quasi-Monte Carlo. Randomized quasi-Monte Carlo. Examples, problems and motivation from Bayesian statistics,nnmachine learning, computational finance and graphics. May be repeat for credit.",,,,,
Stanford,statistics,STATS 363,Design of Experiments (STATS 263),not given this year,3,"Experiments vs observation. Confounding. Randomization. ANOVA.Blocking. Latin squares. Factorials and fractional factorials. Split plot. Response surfaces. Mixture designs. Optimal design. Central composite. Box-Behnken. Taguchi methods. Computer experiments and space filling designs. Prerequisites: probability at  STATS 116 level or higher, and at least one course in linear models.",,,,,
Stanford,statistics,STATS 366,Modern Statistics for Modern Biology (BIOS 221),Sum,3,"Application based course in nonparametric statistics. Modern toolbox of visualization and statistical methods for the analysis of data, examples drawn from immunology, microbiology, cancer research and ecology. Methods covered include multivariate methods (PCA and extensions), sparse representations (trees, networks, contingency tables) as well as nonparametric testing (Bootstrap, permutation and Monte Carlo methods). Hands on, use R and cover many Bioconductor packages. Prerequisite: Minimal familiarity with computers. Instructor consent. Cross-listed as  STATS 366.",,,,,
Stanford,statistics,STATS 367,Statistical Models in Genetics,Win,3,"This course will cover statistical problems in population genetics and molecular evolution with an emphasis on coalescent theory. Special attention will be paid to current research topics, illustrating the challenges presented by genomic data obtained via high-throughput technologies. No prior knowledge of genomics is necessary. Familiarity with the R statistical package or other computing language is needed for homework assignments. Prerequisites: knowledge of probability through elementary stochastic processes and statistics through likelihood theory.",knowledge of probability through elementary stochastic processes and statistics through likelihood theory.,,,,
Stanford,statistics,STATS 368,Empirical Process Theory and its Applications,not given this year,3,"This course is on the theory of empirical processes. In the course we will focus on weak convergence of stochastic processes, M-estimation and empirical risk minimization. The course will cover topics like covering numbers and bracketing numbers, maximal inequalities, chaining and symmetrization, uniform law of large numbers and uniform central limit theorems, rates of convergence of MLEs and (penalized) least squares estimators, and concentration inequalities.",,,,,
Stanford,statistics,STATS 369,Methods from Statistical Physics,not given this year,3,"Mathematical techniques from statistical physics have been applied with increasing success on problems form combinatorics, computer science, machine learning. These methods are non-rigorous, but in several cases they were proved to yield correct predictions. This course provides a working knowledge of these methods for non-physicists. Specific topics: the Sherrington-Kirkpatrick model; sparse regression with random designs;",,,,,
Stanford,statistics,STATS 370,Bayesian Statistics I (STATS 270),Win,3,"This is the first of a two course sequence on modern Bayesian statistics. Topics covered include: real world examples of large scale Bayesian analysis; basic tools (models, conjugate priors and their mixtures); Bayesian estimates, tests and credible intervals; foundations (axioms, exchangeability, likelihood principle); Bayesian computations (Gibbs sampler, data augmentation, etc.); prior specification. Prerequisites: statistics and probability at the level of  Stats300A,  Stats305, and  Stats310.",,,,,
Stanford,statistics,STATS 371,Bayesian Statistics II (STATS 271),not given this year,3,"This is the second of a two course sequence on modern Bayesian statistics. Topics covered include: Asymptotic properties of Bayesian procedures and consistency (Doobs theorem, frequentists consistency, counter examples); connections between Bayesian methods and classical methods (the complete class theorem); generalization of exchangeability; general versions of the Bayes theorem in the undominated case; non parametric Bayesian methods (Dirichelet and Polya tree priors). Throughout general theory will be illustrated with classical examples. Prerequisites:  Stats 270/370.",,,,,
Stanford,statistics,STATS 374,Large Deviations Theory (MATH 234),not given this year,3,"Combinatorial estimates and the method of types. Large deviation probabilities for partial sums and for empirical distributions, Cramer's and Sanov's theorems and their Markov extensions. Applications in statistics, information theory, and statistical mechanics. Prerequisite:  MATH 230A or  STATS 310. Offered every 2-3 years.  http://statweb.stanford.edu/~adembo/large-deviations/",,,,,
Stanford,statistics,STATS 375,Inference in Graphical Models,not given this year,3,"Graphical models as a unifying framework for describing the statistical relationships between large sets of variables; computing the marginal distribution of one or a few such variables. Focus is on sparse graphical structures, low-complexity algorithms, and their analysis. Topics include: variational inference; message passing algorithms; belief propagation; generalized belief propagation; survey propagation. Analysis techniques: correlation decay; distributional recursions. Applications from engineering, computer science, and statistics. Prerequisite:  EE 278,  STATS 116, or  CS 228. Recommended:  EE 376A or  STATS 217.",,,,,
Stanford,statistics,STATS 376A,Information Theory (EE 376A),Win,3,"The fundamental ideas of information theory. Entropy and intrinsic randomness. Data compression to the entropy limit. Huffman coding. Arithmetic coding. Channel capacity, the communication limit. Gaussian channels. Kolmogorov complexity. Asymptotic equipartition property. Information theory and Kelly gambling. Applications to communication and data compression. Prerequisite: EE178 or  STATS 116, or equivalent.",,,,,
Stanford,statistics,STATS 376B,Network Information Theory (EE 376B),not given this year,3,"Network information theory deals with the fundamental limits on information flow in networks and the optimal coding schemes that achieve these limits. It aims to extend Shannon's point-to-point information theory and the Ford-Fulkerson max-flow min-cut theorem to networks with multiple sources and destinations. The course presents the basic results and tools in the field in a simple and unified manner. Topics covered include: multiple access channels, broadcast channels, interference channels, channels with state, distributed source coding, multiple description coding, network coding, relay channels, interactive communication, and noisy network coding. Prerequisites:  EE376A.",,,,,
Stanford,statistics,STATS 385,Theories of Deep Learning,Aut,1,"The spectacular recent successes of deep learning are purely empirical. Nevertheless intellectuals always try to explain important developments theoretically. In this literature course we will review recent work of Burna and Mallat, Mhaskar and Poggio, Papyan and Elad, Bolsckei and co-authors, Baraniuk and co-authors, and others, seeking to build theoretical frameworks deriving deep networks as consequences. After initial background lectures, we will have some of the authors presenting lectures on specific papers.",,,,,
Stanford,statistics,STATS 390,Consulting Workshop,"Aut, Win, Spr, Sum",1-3,"Skills required of practicing statistical consultants, including exposure to statistical applications. Students participate as consultants in the department's drop-in consulting service, analyze client data, and prepare formal written reports. Seminar provides supervised experience in short term consulting. May be repeated for credit. Prerequisites: course work in applied statistics or data analysis, and consent of instructor.","course work in applied statistics or data analysis, and consent of instructor.",,,,
Stanford,statistics,STATS 397,PhD Oral Exam Workshop,Spr,1,For Statistics PhD students defending their dissertation.,,,,,
Stanford,statistics,STATS 398,Industrial Research for Statisticians,"Aut, Win, Spr, Sum",1,"Doctoral research as in 399, but must be conducted for an off-campus employer. A final report acceptable to the advisor outlining work activity, problems investigated, key results, and any follow-up projects they expect to perform is required. The report is due at the end of the quarter in which the course is taken. May be repeated for credit. Prerequisite: Statistics Ph.D. candidate.",Statistics Ph.D. candidate.,,,,
Stanford,statistics,STATS 399,Research,"Aut, Win, Spr, Sum",1-10,Research work as distinguished from independent study of nonresearch character listed in 199. May be repeated for credit.,,,,,
Stanford,statistics,STATS 801,TGR Project,"Aut, Win, Spr, Sum",0,,,,,,
Stanford,statistics,STATS 802,TGR Dissertation,"Aut, Win, Spr, Sum",0,,,,,,
